frame_idx,track_id,similarity_score,bbox_x1,bbox_y1,bbox_x2,bbox_y2
0,1,0.7675,136,358,302,852
0,2,0.8318,330,369,494,846
0,3,0.5075,1668,98,1919,1070
0,4,0.6613,1415,443,1522,732
0,5,0.5678,719,411,883,783
0,6,0.58,869,200,1151,1078
0,7,1.0,504,350,676,835
1,1,0.768,136,358,302,852
1,2,0.8319,330,369,494,846
1,3,0.5073,1668,98,1919,1070
1,4,0.6618,1415,443,1522,732
1,5,0.5672,719,411,883,783
1,6,0.58,870,200,1152,1078
1,7,0.9997,505,350,676,835
2,1,0.7677,136,358,302,852
2,2,0.832,330,369,494,846
2,3,0.5074,1668,98,1919,1070
2,4,0.6619,1415,443,1522,732
2,5,0.5673,719,411,883,783
2,6,0.5789,869,200,1152,1078
2,7,0.9997,505,350,676,835
3,1,0.7565,136,361,300,851
3,2,0.8029,328,370,492,844
3,3,0.514,1663,96,1919,1073
3,4,0.6664,1416,440,1528,732
3,5,0.5888,719,424,884,783
3,6,0.5878,865,203,1142,1074
3,7,0.9837,493,352,671,834
4,1,0.763,136,365,299,851
4,2,0.7932,327,372,489,844
4,3,0.5407,1664,99,1919,1071
4,4,0.6165,1416,452,1526,733
4,5,0.6045,719,428,880,783
4,6,0.5773,865,207,1135,1069
4,7,0.9609,484,353,662,836
5,1,0.7529,136,367,298,850
5,2,0.799,323,376,487,843
5,3,0.5621,1670,106,1919,1070
5,4,0.6217,1419,444,1529,732
5,5,0.5817,720,429,876,783
5,6,0.5716,862,207,1122,1070
5,7,0.9486,483,358,658,836
6,1,0.7579,137,371,298,850
6,2,0.8045,316,378,484,842
6,3,0.606,1671,133,1918,1071
6,4,0.6538,1423,436,1532,734
6,5,0.5755,721,431,875,782
6,6,0.5611,858,213,1112,1072
6,7,0.9554,475,362,652,833
7,1,0.7577,137,372,297,851
7,2,0.8243,311,378,480,842
7,3,0.5854,1682,176,1918,1072
7,4,0.6148,1426,435,1534,734
7,5,0.5861,722,429,875,783
7,6,0.5596,852,214,1118,1072
7,7,0.9452,476,365,649,832
7,8,0.5785,1515,363,1760,848
8,1,0.7541,135,372,296,850
8,2,0.8091,307,377,474,841
8,3,0.6315,1663,254,1918,951
8,4,0.598,1429,433,1538,734
8,5,0.616,727,432,876,782
8,6,0.576,848,228,1148,1073
8,7,0.942,480,364,648,829
8,8,0.6147,1508,369,1755,864
9,1,0.7462,133,373,296,849
9,2,0.8119,303,378,471,834
9,3,0.6004,1656,271,1919,931
9,4,0.5889,1439,449,1551,732
9,5,0.6446,730,429,875,781
9,6,0.5908,844,240,1138,1073
9,7,0.9526,482,363,648,830
9,8,0.63,1504,376,1745,862
9,9,0.6035,623,444,721,753
10,1,0.7588,133,373,298,847
10,2,0.7984,300,377,471,829
10,3,0.618,1651,281,1918,924
10,4,0.5184,1448,454,1563,728
10,5,0.6415,741,426,875,781
10,6,0.6061,838,238,1085,1068
10,7,0.948,482,364,643,831
10,8,0.6132,1504,377,1739,856
10,9,0.6106,624,444,728,754
11,1,0.7673,131,373,297,841
11,2,0.8034,297,374,462,827
11,3,0.6519,1646,293,1919,929
11,4,0.5177,1462,440,1563,734
11,5,0.683,757,426,879,776
11,6,0.6061,837,248,1067,1062
11,7,0.9475,482,365,650,833
11,8,0.589,1543,379,1727,835
11,9,0.5888,629,445,730,753
12,1,0.7646,128,373,297,836
12,2,0.8098,294,372,457,826
12,3,0.6891,1642,295,1919,932
12,4,0.5426,1459,432,1554,729
12,5,0.6904,767,420,885,774
12,6,0.5791,832,267,1064,1060
12,7,0.9418,479,364,643,829
12,8,0.6039,1512,378,1715,834
12,9,0.6085,631,440,731,754
13,1,0.7574,122,373,298,834
13,2,0.8092,291,371,450,826
13,3,0.7049,1642,299,1919,931
13,4,0.5607,1457,431,1544,724
13,6,0.5947,810,262,1056,1043
13,7,0.9478,476,364,636,828
13,8,0.5965,1506,373,1706,837
13,9,0.6133,630,440,734,754
14,1,0.731,116,373,298,831
14,2,0.8085,290,371,447,824
14,3,0.6946,1640,299,1919,928
14,4,0.5494,1457,432,1536,725
14,6,0.5889,812,259,1063,1046
14,7,0.9411,471,365,634,822
14,8,0.595,1501,369,1691,838
14,9,0.6035,629,440,747,754
14,5,0.6725,785,444,881,772
15,1,0.72,116,373,297,831
15,2,0.8022,290,371,444,820
15,3,0.6857,1638,297,1919,929
15,6,0.5947,818,253,1057,1044
15,7,0.9424,467,359,631,816
15,8,0.5748,1498,366,1675,836
15,9,0.5941,637,436,751,754
16,1,0.7126,117,373,295,830
16,2,0.7994,287,372,444,821
16,3,0.6772,1638,297,1913,927
16,6,0.5922,816,252,1058,1023
16,7,0.9372,461,357,628,812
16,8,0.5804,1493,366,1658,833
16,9,0.5929,637,437,751,755
16,4,0.5396,1457,428,1535,699
17,1,0.7201,116,374,295,827
17,2,0.8103,286,374,443,822
17,3,0.6855,1633,295,1917,928
17,6,0.5989,817,251,1063,1016
17,7,0.9322,461,357,628,814
17,8,0.5731,1476,368,1655,831
17,9,0.5922,641,435,755,758
18,1,0.7075,118,375,291,826
18,2,0.825,282,379,440,823
18,3,0.7122,1627,289,1919,936
18,6,0.5824,814,250,1047,1006
18,7,0.9337,455,361,624,813
18,8,0.5837,1466,366,1655,829
18,9,0.602,641,433,758,759
19,1,0.705,118,380,289,823
19,2,0.8237,279,383,439,825
19,3,0.7216,1623,287,1920,935
19,6,0.5985,812,248,1060,1002
19,7,0.9282,448,361,625,813
19,8,0.6112,1456,373,1628,828
19,9,0.6053,644,433,761,759
20,1,0.707,120,384,286,822
20,2,0.8226,280,388,437,825
20,3,0.7029,1614,285,1902,933
20,6,0.6074,812,247,1054,1003
20,7,0.9367,446,360,620,813
20,8,0.616,1447,376,1617,833
20,9,0.6022,644,435,758,758
21,1,0.7017,122,386,284,823
21,2,0.8203,279,390,438,822
21,3,0.6829,1608,286,1872,927
21,6,0.6219,813,250,1053,1005
21,7,0.9143,446,362,609,813
21,8,0.6294,1429,378,1611,833
21,9,0.5992,650,437,766,759
22,1,0.7019,122,388,282,823
22,2,0.8246,279,392,437,821
22,3,0.6755,1598,287,1868,924
22,6,0.6169,813,255,1056,1005
22,7,0.922,440,364,587,823
22,8,0.5954,1421,382,1601,834
22,9,0.582,655,437,775,758
23,1,0.7037,120,390,283,817
23,2,0.8177,278,394,436,821
23,3,0.687,1595,286,1866,923
23,6,0.5713,813,274,1026,1007
23,7,0.9216,438,366,587,816
23,8,0.601,1404,381,1596,836
23,9,0.5779,658,439,782,759
24,1,0.7125,120,389,280,821
24,2,0.8143,279,394,433,821
24,3,0.6846,1590,286,1856,923
24,6,0.56,814,277,1021,1004
24,7,0.9174,433,372,576,819
24,8,0.5665,1393,385,1590,832
24,9,0.5848,659,443,783,761
25,1,0.7011,120,391,277,817
25,2,0.8424,278,394,432,818
25,3,0.6774,1585,287,1850,926
25,6,0.5723,813,281,1032,1004
25,7,0.9191,429,373,571,815
25,8,0.5679,1385,388,1589,829
25,9,0.5995,663,446,784,765
26,1,0.7184,120,390,276,819
26,2,0.8579,277,394,426,813
26,3,0.6661,1580,287,1848,926
26,6,0.5778,814,288,1024,1002
26,7,0.916,427,374,568,810
26,8,0.5687,1380,390,1586,827
26,9,0.5994,665,442,790,766
27,1,0.7248,117,390,269,820
27,2,0.8473,276,394,423,818
27,3,0.6569,1574,286,1843,926
27,6,0.5728,816,292,1033,999
27,7,0.9119,427,375,564,814
27,8,0.5631,1375,391,1582,822
27,9,0.6104,666,442,799,768
27,10,0.6612,547,408,648,775
28,1,0.7425,122,390,267,816
28,2,0.845,274,393,419,810
28,3,0.6523,1570,291,1836,930
28,6,0.5696,821,294,1042,994
28,7,0.8926,426,377,567,814
28,8,0.5554,1375,389,1578,826
28,9,0.6053,668,439,805,770
28,10,0.6274,552,408,653,775
29,1,0.7545,119,390,265,808
29,2,0.8281,274,392,415,807
29,3,0.6636,1569,290,1835,925
29,6,0.5705,826,299,1052,984
29,7,0.8822,422,380,569,813
29,8,0.5323,1372,387,1562,825
29,9,0.5975,669,439,808,768
29,10,0.6179,554,409,660,775
29,11,0.6746,1785,356,1919,863
30,1,0.7532,117,389,263,806
30,2,0.8187,272,391,413,806
30,3,0.6703,1567,293,1816,925
30,6,0.5779,829,298,1053,980
30,7,0.892,420,380,573,813
30,8,0.5562,1376,387,1548,820
30,9,0.5748,672,436,811,765
30,10,0.6312,557,409,666,772
30,11,0.6992,1756,364,1919,860
31,1,0.7469,116,388,266,807
31,2,0.8062,271,392,410,805
31,3,0.6722,1563,294,1815,923
31,6,0.5876,829,297,1049,975
31,7,0.885,417,380,565,811
31,8,0.5718,1379,386,1537,812
31,9,0.5893,675,434,814,766
31,10,0.6304,557,409,673,774
31,11,0.7024,1750,362,1919,858
32,1,0.7446,114,387,268,807
32,2,0.8158,265,392,409,806
32,3,0.6864,1559,292,1816,923
32,6,0.5918,831,295,1070,960
32,7,0.8784,414,380,562,810
32,8,0.5397,1382,386,1535,810
32,9,0.5991,677,431,816,764
32,10,0.658,555,409,674,774
32,11,0.7247,1764,357,1919,860
33,1,0.7384,114,388,267,807
33,2,0.8158,265,394,408,806
33,3,0.6904,1556,297,1788,919
33,6,0.5799,833,295,1048,949
33,7,0.8815,414,380,561,804
33,8,0.591,1388,390,1529,811
33,9,0.6364,680,431,821,764
33,10,0.6529,557,410,678,775
33,11,0.7218,1763,358,1919,863
34,1,0.742,114,388,265,807
34,2,0.8003,264,395,408,804
34,3,0.6706,1554,296,1787,917
34,6,0.5893,834,295,1067,943
34,7,0.8881,413,380,561,800
34,8,0.5717,1388,392,1523,813
34,9,0.644,679,436,822,766
34,10,0.6592,560,410,679,776
34,11,0.7153,1758,356,1920,862
35,1,0.7524,114,390,263,806
35,2,0.8036,263,397,407,802
35,3,0.6894,1554,303,1784,918
35,6,0.5827,836,295,1053,938
35,7,0.8807,414,380,557,801
35,8,0.5762,1381,387,1518,810
35,9,0.6471,679,435,823,769
35,10,0.6549,561,410,679,778
35,11,0.7018,1750,354,1919,864
36,1,0.7495,116,392,259,805
36,2,0.801,263,400,407,801
36,3,0.7009,1555,306,1782,916
36,6,0.597,838,295,1055,936
36,7,0.8732,412,380,557,802
36,8,0.5892,1373,393,1513,809
36,9,0.6391,680,434,825,769
36,10,0.6361,562,408,678,778
36,11,0.6874,1742,352,1914,862
37,1,0.745,117,393,258,805
37,2,0.7761,261,400,406,802
37,3,0.6972,1554,304,1777,913
37,6,0.6127,842,294,1055,934
37,7,0.8782,411,379,551,801
37,8,0.6065,1348,393,1502,808
37,9,0.6417,684,433,825,769
37,10,0.6266,556,408,683,780
37,11,0.681,1737,352,1895,862
38,1,0.7428,118,395,256,804
38,2,0.7577,261,402,407,801
38,3,0.6913,1555,302,1778,911
38,6,0.6072,846,299,1043,933
38,7,0.8773,409,378,550,800
38,8,0.5979,1330,398,1496,807
38,9,0.6277,685,433,825,771
38,10,0.6316,561,405,682,782
38,11,0.6949,1726,350,1883,851
39,1,0.7505,119,397,254,804
39,2,0.7869,257,404,401,802
39,3,0.6905,1552,303,1773,906
39,6,0.5888,846,306,1045,936
39,7,0.8906,403,376,546,799
39,8,0.5986,1315,399,1486,808
39,9,0.5979,690,432,827,773
39,10,0.6243,561,402,687,782
39,11,0.7063,1717,353,1869,860
40,1,0.7541,119,400,255,803
40,2,0.7846,253,406,395,800
40,3,0.6944,1551,306,1775,900
40,6,0.6016,849,308,1034,934
40,7,0.9008,399,376,544,800
40,8,0.6055,1306,398,1485,809
40,9,0.6052,694,433,828,772
40,10,0.6327,562,400,691,785
40,11,0.6886,1719,353,1855,867
41,1,0.7678,121,401,254,804
41,2,0.8045,250,407,390,799
41,3,0.6761,1551,310,1777,894
41,6,0.6001,851,317,1034,934
41,7,0.9144,396,379,544,800
41,8,0.593,1302,407,1479,812
41,9,0.606,695,431,831,774
41,10,0.6304,565,399,696,786
41,11,0.6954,1706,347,1845,873
42,1,0.7711,122,403,253,802
42,2,0.7871,247,406,388,799
42,3,0.6626,1551,311,1784,891
42,6,0.6132,852,322,1035,929
42,7,0.9112,394,381,540,800
42,8,0.5919,1303,413,1478,812
42,9,0.628,699,429,831,773
42,10,0.6475,563,396,695,787
42,11,0.6846,1694,348,1847,870
43,1,0.7595,123,403,253,802
43,2,0.7989,245,405,383,801
43,3,0.6604,1550,308,1810,893
43,6,0.6095,852,324,1050,927
43,7,0.8907,391,384,534,799
43,8,0.6045,1301,404,1476,808
43,9,0.6136,701,427,833,774
43,10,0.6275,570,394,696,784
43,12,0.6053,1788,252,1919,880
44,1,0.7635,122,403,253,801
44,2,0.7892,240,404,382,800
44,3,0.6682,1548,310,1810,890
44,6,0.5896,853,327,1061,925
44,7,0.906,392,388,532,799
44,8,0.6151,1300,405,1476,807
44,9,0.625,701,430,834,775
44,10,0.6306,574,395,698,785
44,12,0.6377,1754,248,1919,921
45,1,0.7645,122,402,252,800
45,2,0.786,238,402,378,799
45,3,0.6604,1546,312,1804,887
45,6,0.6135,854,327,1048,921
45,7,0.8976,393,392,530,797
45,8,0.6127,1299,406,1473,806
45,9,0.6244,702,427,834,776
45,10,0.6255,576,395,700,794
45,12,0.5775,1729,265,1919,917
46,1,0.7528,123,402,252,798
46,2,0.7679,236,397,373,798
46,3,0.6538,1541,318,1787,885
46,6,0.5965,856,327,1058,918
46,7,0.8953,393,395,525,796
46,8,0.5933,1301,412,1470,805
46,9,0.6161,705,423,834,776
46,10,0.6321,576,396,701,797
46,12,0.5743,1717,261,1918,920
47,1,0.7577,122,401,252,794
47,2,0.7698,234,396,371,797
47,3,0.6517,1537,324,1783,884
47,6,0.6004,858,326,1050,909
47,7,0.8974,393,395,524,795
47,8,0.5877,1300,407,1463,804
47,9,0.6089,704,421,834,776
47,10,0.6331,576,395,700,798
47,12,0.5742,1705,262,1918,936
48,1,0.7467,119,400,250,794
48,2,0.769,232,395,370,797
48,3,0.6759,1536,329,1765,884
48,6,0.5826,860,325,1050,898
48,7,0.8993,390,394,520,797
48,8,0.5643,1300,405,1454,802
48,9,0.6254,705,420,834,776
48,10,0.6408,579,395,702,797
48,12,0.5293,1696,263,1918,938
49,1,0.7265,116,400,251,794
49,2,0.7649,230,398,369,794
49,3,0.6827,1535,332,1764,885
49,6,0.5896,862,322,1063,892
49,7,0.8853,386,392,514,796
49,8,0.553,1298,401,1441,798
49,9,0.6266,712,421,838,777
49,10,0.6473,581,396,705,798
49,12,0.5617,1689,264,1919,945
50,1,0.7307,113,401,250,793
50,2,0.7768,230,399,369,792
50,3,0.687,1532,332,1749,881
50,6,0.5904,866,323,1067,888
50,7,0.8789,382,394,511,794
50,8,0.5548,1290,401,1429,797
50,9,0.6206,716,421,838,778
50,10,0.6398,582,396,709,797
50,12,0.5472,1685,269,1918,942
51,1,0.7313,116,401,251,793
51,2,0.7706,230,399,369,792
51,3,0.6979,1532,335,1741,876
51,6,0.6019,867,324,1068,884
51,7,0.8671,382,394,508,791
51,8,0.5707,1280,400,1419,797
51,9,0.6369,719,422,840,778
51,10,0.6347,582,397,713,790
51,12,0.5444,1673,270,1918,937
52,1,0.7298,115,401,251,790
52,2,0.7514,229,402,367,790
52,3,0.7224,1530,333,1735,875
52,6,0.6014,871,327,1072,884
52,7,0.8743,383,392,508,790
52,8,0.5819,1266,401,1419,795
52,9,0.6359,721,422,841,781
52,10,0.6353,584,398,717,791
52,12,0.5526,1672,272,1917,928
52,13,0.6257,505,450,587,729
53,1,0.728,116,402,252,788
53,2,0.7491,229,405,366,789
53,3,0.725,1527,331,1726,876
53,6,0.5848,876,333,1069,882
53,7,0.8525,380,392,507,787
53,8,0.565,1258,403,1412,796
53,9,0.6229,721,422,842,782
53,10,0.6379,586,401,718,794
53,12,0.5197,1669,272,1908,910
53,13,0.6199,509,450,592,731
54,1,0.7296,117,404,252,789
54,2,0.7685,229,406,364,788
54,3,0.7306,1527,331,1717,877
54,6,0.6067,880,335,1058,883
54,7,0.8579,377,390,505,781
54,8,0.5731,1251,408,1410,795
54,9,0.6049,716,422,845,783
54,10,0.6503,586,401,718,796
54,12,0.5126,1662,274,1908,906
54,13,0.6063,510,454,593,728
55,1,0.7158,116,405,251,786
55,2,0.7589,232,409,365,789
55,3,0.7405,1526,329,1711,875
55,6,0.602,890,346,1055,883
55,7,0.8635,376,391,505,780
55,8,0.5641,1242,405,1405,795
55,9,0.6001,713,422,846,786
55,10,0.6552,587,398,720,797
55,12,0.5211,1658,276,1879,899
55,13,0.6323,507,444,608,729
56,1,0.7045,117,408,249,786
56,2,0.7474,234,412,366,791
56,3,0.7535,1525,335,1706,871
56,6,0.5696,896,352,1057,882
56,7,0.8643,375,391,508,780
56,8,0.5802,1236,410,1401,795
56,9,0.5944,716,422,848,787
56,10,0.6357,590,397,721,799
56,12,0.5223,1652,277,1868,901
56,13,0.6458,509,441,610,728
57,1,0.6914,116,410,248,787
57,2,0.7455,235,413,365,790
57,3,0.7553,1512,334,1711,873
57,6,0.5768,908,355,1059,881
57,7,0.8747,371,392,509,779
57,8,0.5793,1230,413,1397,795
57,9,0.6024,718,422,848,791
57,10,0.6065,594,395,720,799
57,12,0.5236,1648,279,1860,892
57,13,0.6236,508,439,607,727
58,1,0.7185,115,411,249,787
58,2,0.7359,238,414,363,787
58,3,0.7712,1506,336,1688,868
58,6,0.5738,912,355,1061,880
58,7,0.8824,370,392,513,779
58,8,0.5667,1227,421,1386,795
58,9,0.6048,722,422,848,792
58,10,0.6062,594,392,724,798
58,12,0.5539,1631,276,1842,884
58,13,0.6413,512,435,607,729
59,1,0.7238,113,413,247,784
59,2,0.7511,239,413,362,788
59,3,0.7661,1460,330,1677,864
59,6,0.5777,914,357,1061,878
59,7,0.8801,366,393,515,776
59,8,0.5539,1224,419,1380,795
59,9,0.5915,723,422,848,792
59,10,0.6047,595,389,726,798
59,12,0.5947,1600,289,1828,894
59,13,0.6217,512,434,607,730
60,1,0.7253,107,413,246,782
60,2,0.7544,240,412,362,786
60,3,0.7741,1463,330,1666,857
60,6,0.5744,915,357,1065,876
60,7,0.8797,364,397,515,777
60,8,0.5621,1220,417,1378,795
60,9,0.5899,724,421,849,793
60,10,0.6125,596,387,728,798
60,12,0.5395,1610,287,1806,884
60,13,0.6286,513,432,606,730
61,1,0.7235,106,413,246,780
61,2,0.7489,240,411,362,785
61,3,0.7778,1462,327,1661,841
61,6,0.5781,919,357,1086,872
61,7,0.8775,363,400,515,776
61,8,0.5573,1215,418,1375,793
61,9,0.5897,724,420,849,793
61,10,0.6132,599,384,734,798
61,13,0.6163,513,435,606,730
62,1,0.728,105,412,244,780
62,2,0.7615,239,409,361,781
62,3,0.7662,1449,327,1654,842
62,6,0.5882,924,358,1089,869
62,7,0.891,364,403,516,777
62,8,0.5508,1215,418,1371,792
62,9,0.6019,727,418,851,793
62,10,0.6064,601,380,738,798
62,13,0.6286,514,438,607,729
62,11,0.7698,1503,313,1715,878
62,12,0.6041,1591,295,1745,871
63,1,0.7192,107,411,243,778
63,2,0.7519,239,409,361,780
63,3,0.7381,1449,340,1637,840
63,6,0.5749,928,358,1076,860
63,7,0.8869,363,406,516,777
63,8,0.5683,1217,419,1369,793
63,9,0.5988,727,417,852,794
63,10,0.6019,601,380,740,798
63,13,0.6324,516,446,607,729
63,11,0.7396,1490,307,1711,875
63,12,0.6121,1579,304,1713,876
64,1,0.7079,104,410,243,773
64,2,0.7632,239,408,361,779
64,3,0.709,1429,335,1649,835
64,6,0.5607,930,355,1089,852
64,7,0.8795,365,408,516,777
64,8,0.5764,1217,419,1367,792
64,9,0.5957,732,416,855,794
64,10,0.6048,601,379,742,802
64,13,0.633,521,448,610,730
64,11,0.7095,1483,316,1687,871
65,1,0.7045,104,410,242,770
65,2,0.7667,238,408,361,777
65,6,0.5692,936,359,1104,851
65,7,0.877,364,409,514,778
65,8,0.5689,1216,417,1361,787
65,9,0.6032,734,415,858,794
65,10,0.6247,601,379,743,804
65,13,0.6312,517,453,609,731
65,11,0.6918,1478,326,1652,866
65,15,0.4705,1653,5,1919,1069
66,1,0.7046,108,410,241,770
66,2,0.7586,236,408,361,777
66,6,0.5566,941,357,1092,845
66,7,0.8974,368,409,512,778
66,8,0.5668,1218,416,1356,782
66,9,0.6058,735,415,861,794
66,10,0.6094,603,380,744,805
66,13,0.6347,520,450,615,731
66,15,0.4657,1594,7,1918,1065
66,3,0.6371,1417,382,1579,823
67,1,0.6983,109,409,241,771
67,2,0.7548,235,409,361,777
67,6,0.577,942,356,1080,844
67,7,0.9008,369,409,509,777
67,8,0.5545,1221,417,1351,778
67,9,0.6093,734,416,862,795
67,10,0.6146,604,380,747,806
67,13,0.641,530,446,635,734
67,15,0.4455,1561,4,1918,1066
67,3,0.6585,1414,389,1568,833
68,1,0.7001,108,407,241,774
68,2,0.7618,235,410,361,777
68,6,0.57,944,365,1079,845
68,7,0.9028,372,409,507,776
68,8,0.5336,1222,418,1346,778
68,9,0.5939,736,415,863,796
68,10,0.6301,604,381,748,809
68,13,0.6371,533,448,642,734
68,15,0.4313,1502,6,1918,1068
68,3,0.6799,1405,392,1540,821
69,1,0.7155,108,407,237,774
69,2,0.7537,234,413,361,776
69,6,0.56,944,368,1086,845
69,7,0.8904,373,408,506,776
69,8,0.5085,1226,418,1343,779
69,9,0.5978,735,415,865,797
69,10,0.6186,605,381,750,810
69,13,0.6362,536,451,644,734
69,15,0.4353,1443,6,1918,1070
70,1,0.7294,108,409,236,772
70,2,0.7457,233,414,361,777
70,6,0.5601,950,372,1090,847
70,7,0.8832,373,408,505,775
70,8,0.5388,1223,418,1340,778
70,9,0.599,736,415,866,799
70,10,0.6187,605,381,752,817
70,13,0.6327,539,450,642,734
70,15,0.4304,1385,5,1918,1069
71,1,0.7511,108,412,231,772
71,2,0.7313,232,417,361,776
71,6,0.5794,956,375,1086,846
71,7,0.8842,372,408,500,772
71,8,0.5531,1221,417,1336,778
71,9,0.6053,737,415,867,799
71,10,0.6258,608,381,754,820
71,13,0.6583,545,440,640,733
71,15,0.4372,1328,6,1919,1070
72,1,0.7438,109,416,229,771
72,2,0.7371,230,419,360,774
72,6,0.5904,958,377,1093,844
72,7,0.8701,372,407,498,770
72,8,0.5694,1211,419,1333,778
72,9,0.6117,738,415,868,800
72,10,0.6262,608,380,755,820
72,13,0.64,547,438,635,730
72,15,0.4394,1279,5,1919,1070
73,1,0.7574,114,418,230,770
73,2,0.7426,229,421,359,773
73,6,0.5992,957,378,1104,844
73,7,0.8642,371,407,496,769
73,8,0.5605,1204,419,1311,774
73,9,0.6094,742,413,870,800
73,10,0.6237,609,377,755,819
73,13,0.6343,550,446,625,727
73,15,0.4403,1242,3,1919,1069
74,1,0.7396,112,421,228,771
74,2,0.7561,229,422,357,775
74,6,0.5875,956,379,1115,842
74,7,0.8663,370,407,495,766
74,8,0.5931,1186,416,1309,774
74,9,0.6126,747,413,873,802
74,10,0.6209,611,376,754,819
74,13,0.6354,552,448,624,725
74,15,0.4495,1192,5,1918,1068
75,1,0.7516,116,421,227,771
75,2,0.7486,226,423,357,772
75,6,0.5798,956,380,1124,841
75,7,0.8772,371,407,493,766
75,9,0.6168,748,413,876,805
75,10,0.6047,611,374,755,820
75,13,0.619,554,449,627,725
75,15,0.4505,1173,6,1918,1069
76,1,0.741,117,421,227,772
76,2,0.7556,224,421,356,772
76,6,0.5823,959,376,1101,838
76,7,0.87,370,407,491,765
76,9,0.6043,749,415,876,806
76,10,0.5893,612,372,754,820
76,13,0.6317,557,456,623,711
76,15,0.4408,1163,6,1889,1070
77,1,0.7488,117,421,228,771
77,2,0.7658,225,421,355,772
77,6,0.5776,962,375,1116,836
77,7,0.8796,369,407,489,763
77,9,0.6105,752,412,878,805
77,10,0.6067,614,371,755,821
77,15,0.4405,1137,4,1861,1071
78,1,0.7342,117,421,229,774
78,2,0.7686,219,419,352,770
78,6,0.5783,963,376,1112,830
78,7,0.8908,366,408,488,762
78,9,0.619,755,408,889,805
78,10,0.6119,613,370,756,821
78,15,0.4448,1113,4,1842,1069
78,13,0.6508,568,456,639,725
79,1,0.7684,118,421,233,769
79,2,0.7829,215,418,351,769
79,6,0.5877,965,377,1109,824
79,7,0.8928,364,410,484,761
79,9,0.6325,756,405,893,806
79,10,0.623,612,369,761,820
79,15,0.4543,1096,5,1817,1072
79,13,0.6807,572,461,643,731
80,1,0.7535,118,419,237,769
80,2,0.7914,216,415,347,763
80,6,0.5956,966,374,1110,819
80,7,0.8836,362,412,483,760
80,9,0.6349,757,403,897,802
80,10,0.6145,613,368,766,818
80,15,0.4494,1081,4,1773,1074
80,13,0.6533,576,462,648,733
81,1,0.738,119,418,237,766
81,2,0.7824,215,415,347,762
81,6,0.5907,966,377,1110,818
81,7,0.8854,362,412,481,759
81,9,0.6371,760,400,902,802
81,10,0.6205,604,366,767,822
81,15,0.4571,1068,5,1758,1071
82,1,0.7207,120,417,238,764
82,2,0.774,214,414,345,762
82,6,0.591,967,380,1109,817
82,7,0.8848,366,415,478,761
82,9,0.6504,764,399,903,803
82,10,0.6361,598,366,769,825
82,15,0.4571,1057,4,1731,1071
83,1,0.7126,122,417,238,761
83,2,0.7413,217,415,344,761
83,6,0.6114,972,383,1106,817
83,7,0.8822,366,417,477,759
83,9,0.6449,765,398,904,805
83,10,0.614,609,364,771,827
83,15,0.4632,1053,5,1707,1070
84,1,0.7132,123,417,240,759
84,2,0.7636,216,415,346,759
84,6,0.5759,973,383,1103,816
84,7,0.877,365,419,474,759
84,9,0.6425,765,398,908,809
84,10,0.6178,610,364,773,827
84,15,0.4608,1038,4,1681,1070
84,16,0.7444,1788,326,1919,883
85,1,0.7121,124,418,238,759
85,2,0.7541,224,417,344,756
85,6,0.5681,977,383,1108,817
85,7,0.8809,363,420,472,759
85,9,0.6377,764,397,909,813
85,10,0.6271,609,365,772,827
85,15,0.4575,1034,5,1655,1070
85,16,0.7449,1785,328,1919,882
86,1,0.7131,124,419,238,758
86,2,0.7578,231,419,343,755
86,6,0.577,981,380,1118,814
86,7,0.8603,362,420,469,759
86,9,0.6471,767,397,912,816
86,10,0.6201,612,365,771,830
86,15,0.4618,1032,5,1630,1069
86,16,0.75,1781,325,1919,879
87,1,0.6988,125,419,239,758
87,2,0.7187,235,423,343,755
87,6,0.5803,982,378,1120,814
87,7,0.8603,359,418,466,758
87,9,0.6471,767,403,914,818
87,10,0.6291,618,369,772,829
87,15,0.4477,1043,4,1597,1069
87,16,0.7454,1776,324,1919,880
88,1,0.6975,126,420,240,758
88,2,0.7348,234,425,340,756
88,6,0.6108,987,379,1120,811
88,7,0.862,356,416,464,757
88,9,0.6478,769,402,914,821
88,10,0.6171,608,371,771,830
88,15,0.4397,1042,11,1572,1068
88,16,0.7688,1766,322,1919,884
88,17,0.6906,1589,357,1755,836
89,1,0.7075,126,419,246,754
89,2,0.7442,233,429,338,755
89,6,0.5968,987,377,1120,812
89,7,0.8548,354,415,464,756
89,9,0.6377,770,401,915,823
89,10,0.6303,620,372,773,833
89,15,0.4489,1057,17,1553,1072
89,16,0.7495,1749,326,1918,888
89,17,0.7232,1572,360,1753,830
90,1,0.7261,128,420,246,756
90,2,0.7584,234,433,337,757
90,6,0.5982,986,380,1119,810
90,7,0.8601,348,416,465,754
90,9,0.6312,771,400,914,825
90,10,0.6218,627,369,778,836
90,15,0.4375,1072,22,1536,1074
90,16,0.7286,1741,316,1918,881
90,17,0.7323,1572,361,1754,829
91,1,0.7349,127,421,248,756
91,2,0.738,234,432,339,756
91,6,0.5804,986,379,1116,809
91,7,0.8744,347,415,464,754
91,9,0.6374,771,398,915,828
91,10,0.6321,628,366,782,839
91,15,0.4373,1074,31,1511,1073
91,16,0.7314,1735,312,1917,881
91,17,0.738,1571,358,1751,833
92,1,0.7392,129,422,248,754
92,2,0.7417,236,432,340,758
92,6,0.5879,988,377,1119,809
92,7,0.8737,345,415,465,754
92,9,0.6322,774,398,916,830
92,10,0.628,626,363,784,840
92,15,0.437,1089,44,1489,1073
92,16,0.7409,1723,311,1892,879
92,17,0.7552,1570,359,1745,833
93,1,0.7363,127,422,248,754
93,2,0.729,236,431,340,756
93,6,0.5766,989,375,1124,806
93,7,0.8837,344,416,467,753
93,9,0.6354,777,398,916,830
93,10,0.6178,631,361,789,840
93,15,0.4357,1090,55,1477,1076
93,16,0.7562,1712,309,1913,880
93,17,0.743,1568,357,1738,824
94,1,0.7291,126,423,247,755
94,2,0.7314,236,430,339,753
94,6,0.5677,990,376,1111,800
94,7,0.8784,343,416,467,752
94,9,0.6311,779,396,917,830
94,10,0.6161,635,358,791,841
94,15,0.4343,1067,64,1453,1078
94,16,0.7517,1697,310,1915,879
94,17,0.7452,1567,357,1734,822
95,1,0.7363,125,422,247,754
95,2,0.7398,236,432,341,753
95,6,0.5626,993,376,1098,797
95,7,0.8697,344,415,469,752
95,9,0.6332,786,395,929,828
95,10,0.6263,638,357,794,841
95,15,0.4472,1026,67,1431,1076
95,16,0.7657,1662,317,1899,877
95,17,0.734,1566,358,1722,822
96,1,0.7059,125,423,240,754
96,2,0.7465,236,431,341,753
96,7,0.8567,343,416,470,750
96,9,0.6365,794,395,929,827
96,10,0.6219,645,352,797,843
96,15,0.4519,984,85,1423,1075
96,16,0.7606,1638,326,1898,877
96,17,0.7218,1565,357,1716,822
97,1,0.6998,125,424,240,752
97,2,0.7492,237,431,343,752
97,7,0.8425,343,416,468,749
97,9,0.6386,797,396,936,826
97,10,0.6271,649,350,801,844
97,15,0.4501,939,97,1417,1076
97,16,0.7538,1616,328,1872,878
97,17,0.6659,1564,358,1707,839
98,1,0.7189,124,426,236,751
98,2,0.7488,237,429,346,751
98,7,0.8548,344,419,470,750
98,9,0.6211,799,391,943,826
98,10,0.6259,653,348,805,846
98,15,0.451,962,105,1408,1078
98,16,0.7519,1604,335,1862,878
98,17,0.7072,1564,354,1728,843
99,1,0.7122,124,424,236,746
99,2,0.7422,238,431,346,748
99,7,0.8616,345,421,473,749
99,9,0.6227,802,390,939,827
99,10,0.6564,657,351,813,846
99,15,0.4395,968,116,1393,1076
99,16,0.7572,1594,336,1859,879
99,17,0.7093,1564,356,1725,843
100,1,0.7178,122,423,233,746
100,2,0.743,238,431,346,749
100,7,0.874,346,422,474,750
100,9,0.6137,809,392,942,829
100,10,0.6333,660,350,818,848
100,15,0.4481,966,116,1378,1076
100,16,0.7478,1588,339,1857,877
100,17,0.711,1564,352,1735,848
101,1,0.716,119,422,233,746
101,2,0.7372,238,431,346,748
101,7,0.8879,346,425,476,751
101,9,0.6101,811,392,948,830
101,10,0.6395,663,347,826,851
101,15,0.4571,957,114,1349,1075
101,16,0.7309,1577,342,1855,873
101,17,0.7069,1563,348,1738,851
102,1,0.7158,117,422,232,746
102,2,0.7312,237,431,345,746
102,7,0.8897,346,425,476,750
102,9,0.6092,810,390,949,830
102,10,0.6611,663,353,829,851
102,15,0.4797,924,115,1330,1077
102,16,0.7247,1573,343,1853,869
102,17,0.7204,1563,350,1741,851
102,18,0.5039,1289,356,1436,809
103,1,0.7175,115,422,233,745
103,2,0.6997,237,432,346,746
103,7,0.8844,348,426,476,750
103,9,0.6052,810,388,944,833
103,10,0.654,665,353,834,849
103,15,0.499,895,113,1308,1078
103,16,0.7266,1569,340,1847,869
103,17,0.7411,1563,345,1734,852
103,18,0.5037,1267,355,1426,794
104,1,0.7368,115,421,233,745
104,2,0.7463,236,430,346,747
104,7,0.8742,349,429,476,749
104,9,0.624,807,386,945,835
104,10,0.6634,668,353,839,845
104,15,0.4969,870,112,1277,1079
104,16,0.7205,1565,344,1835,866
104,18,0.4816,1254,354,1418,805
105,1,0.7133,118,422,232,745
105,2,0.7307,234,430,344,746
105,7,0.8763,349,427,476,749
105,10,0.6682,671,351,838,846
105,15,0.4891,819,115,1242,1077
105,16,0.7074,1565,341,1821,861
105,18,0.4852,1246,353,1408,806
106,1,0.7089,121,423,230,744
106,2,0.7339,232,432,342,747
106,7,0.878,350,428,475,749
106,10,0.6594,676,352,825,857
106,15,0.493,797,129,1223,1076
106,16,0.6985,1571,341,1808,859
106,18,0.4479,1239,351,1400,809
107,1,0.6895,123,424,230,744
107,2,0.7315,232,434,344,747
107,7,0.871,351,430,474,747
107,10,0.6404,678,352,814,862
107,15,0.4936,763,126,1207,1075
107,16,0.6911,1574,341,1791,852
107,18,0.4531,1232,343,1393,810
108,1,0.7156,125,424,230,744
108,2,0.7318,231,434,343,746
108,7,0.8869,352,428,474,744
108,10,0.6592,683,347,819,865
108,15,0.4896,745,129,1195,1075
108,16,0.6797,1571,364,1773,848
108,18,0.4594,1225,345,1392,813
109,1,0.7099,125,426,231,744
109,2,0.7271,231,436,341,747
109,7,0.8545,352,427,473,741
109,10,0.6263,691,346,824,865
109,15,0.4825,730,134,1178,1074
109,16,0.6987,1566,342,1752,846
109,18,0.477,1217,346,1387,807
110,1,0.7296,126,425,231,745
110,2,0.7415,232,436,336,748
110,7,0.8467,353,427,469,740
110,10,0.5638,701,345,829,866
110,15,0.4952,704,137,1164,1076
110,16,0.7146,1562,359,1745,842
110,18,0.4958,1214,348,1381,805
110,17,0.712,1564,364,1739,846
111,1,0.7302,127,422,231,747
111,2,0.7578,233,435,335,746
111,7,0.8291,352,423,467,739
111,10,0.559,696,340,836,869
111,15,0.4823,692,146,1152,1076
111,16,0.72,1555,352,1744,843
111,18,0.4939,1212,352,1378,805
112,1,0.7344,128,425,233,744
112,2,0.7553,231,435,332,744
112,7,0.8302,352,423,464,738
112,10,0.5188,696,328,840,870
112,15,0.4644,692,151,1147,1077
112,16,0.7133,1551,349,1743,845
112,18,0.4854,1210,354,1374,798
112,20,0.7112,1833,394,1918,804
113,1,0.7545,129,426,234,743
113,2,0.7483,231,434,327,742
113,7,0.8421,352,422,463,738
113,10,0.4818,688,324,823,870
113,15,0.4657,684,155,1122,1073
113,16,0.7202,1549,351,1743,844
113,18,0.5028,1207,354,1369,798
113,20,0.7053,1826,398,1919,804
114,1,0.7451,130,428,234,743
114,2,0.7307,232,434,324,741
114,7,0.847,352,422,462,738
114,10,0.4705,684,335,831,870
114,15,0.4655,671,162,1113,1072
114,16,0.7104,1544,356,1742,844
114,18,0.4979,1203,355,1366,802
114,20,0.7234,1818,398,1919,800
115,1,0.7106,133,430,235,741
115,2,0.7317,233,433,322,741
115,7,0.8519,351,422,459,738
115,15,0.4587,650,175,1101,1070
115,16,0.6923,1537,358,1741,843
115,18,0.4993,1201,356,1363,802
115,20,0.7371,1817,397,1919,805
116,1,0.7134,133,430,236,738
116,2,0.7217,233,433,322,739
116,7,0.851,350,421,460,736
116,15,0.465,647,182,1088,1073
116,16,0.679,1532,362,1742,842
116,18,0.5149,1199,358,1360,798
116,20,0.7196,1818,397,1919,808
117,1,0.6965,132,428,237,737
117,2,0.7299,233,433,322,736
117,7,0.8415,349,421,459,736
117,15,0.4594,639,182,1071,1073
117,16,0.6856,1526,362,1742,844
117,18,0.5228,1199,358,1360,794
117,20,0.7063,1788,398,1919,807
118,1,0.7042,132,427,237,737
118,2,0.7156,233,434,321,738
118,7,0.8241,348,422,458,736
118,15,0.4791,643,182,1060,1075
118,16,0.7053,1521,360,1744,844
118,18,0.5099,1198,359,1355,801
118,20,0.7252,1784,399,1919,807
119,1,0.7148,132,427,238,737
119,2,0.7181,233,436,320,738
119,7,0.8331,349,430,457,737
119,15,0.4968,641,184,1041,1075
119,16,0.7108,1514,356,1678,844
119,18,0.4841,1197,360,1349,804
119,20,0.7323,1776,397,1919,804
120,1,0.7125,133,428,238,738
120,2,0.7368,234,437,320,738
120,7,0.839,349,433,454,736
120,15,0.5068,640,185,1029,1065
120,16,0.6997,1510,356,1662,842
120,18,0.5125,1195,361,1349,797
120,20,0.7023,1782,396,1919,805
121,1,0.7267,133,429,238,737
121,2,0.7375,234,440,319,738
121,7,0.8409,349,434,453,735
121,15,0.5049,641,187,1020,1059
121,16,0.7308,1505,357,1648,844
121,18,0.5259,1195,367,1345,794
121,20,0.6941,1780,395,1919,805
122,1,0.7207,133,428,238,736
122,2,0.7209,235,447,319,736
122,7,0.8406,347,435,450,736
122,15,0.4978,643,186,1001,1052
122,16,0.7618,1496,358,1635,841
122,18,0.5005,1194,367,1342,795
122,20,0.6928,1773,396,1916,801
123,1,0.7013,134,428,237,735
123,2,0.7108,235,447,321,737
123,7,0.8432,346,436,448,736
123,15,0.498,643,189,996,1059
123,16,0.7684,1490,360,1631,841
123,18,0.4926,1190,365,1341,799
123,20,0.7228,1771,396,1916,799
124,1,0.7265,134,435,237,735
124,2,0.7265,235,445,323,736
124,7,0.8392,349,433,448,735
124,15,0.4935,645,197,990,1062
124,16,0.7803,1481,354,1631,830
124,18,0.4556,1190,365,1338,795
124,20,0.7304,1763,397,1919,794
124,22,0.5618,1047,403,1196,788
124,6,0.5956,980,373,1065,695
125,1,0.7154,134,435,236,733
125,2,0.7319,234,443,325,737
125,7,0.8521,346,435,446,735
125,15,0.489,656,201,980,1061
125,16,0.7563,1477,354,1631,829
125,18,0.4816,1188,367,1338,797
125,20,0.7504,1750,394,1919,798
125,22,0.548,1057,403,1206,787
125,6,0.5615,970,372,1072,710
126,1,0.713,133,436,236,732
126,2,0.7113,234,443,330,736
126,7,0.8181,346,430,447,732
126,15,0.5067,658,204,969,1063
126,16,0.7262,1475,359,1638,829
126,18,0.4864,1184,369,1337,796
126,20,0.7183,1745,394,1918,796
126,22,0.5218,1065,400,1209,787
126,6,0.5624,964,370,1083,849
127,1,0.7148,134,438,235,733
127,2,0.7116,235,444,329,737
127,7,0.8195,345,427,447,730
127,15,0.4939,641,207,962,1063
127,16,0.7327,1469,360,1639,829
127,18,0.4748,1181,367,1336,797
127,20,0.7285,1741,396,1918,795
127,22,0.5205,1076,401,1208,785
127,6,0.5838,959,369,1089,868
127,23,0.6928,1603,397,1752,782
128,1,0.7341,132,442,228,731
128,2,0.6909,233,440,328,734
128,7,0.8254,345,426,447,729
128,15,0.4917,626,214,959,1062
128,16,0.6847,1464,365,1634,824
128,18,0.4637,1179,364,1332,797
128,20,0.752,1741,401,1911,796
128,22,0.5002,1075,397,1208,785
128,6,0.6079,955,366,1100,870
128,23,0.6927,1616,393,1750,774
129,1,0.7179,132,444,227,730
129,2,0.6892,235,439,329,734
129,7,0.8107,344,426,448,729
129,15,0.4909,616,225,948,1062
129,16,0.705,1461,363,1630,825
129,18,0.4894,1175,361,1324,796
129,20,0.7656,1742,412,1890,796
129,22,0.5692,1099,393,1206,790
129,6,0.6292,960,363,1113,876
129,23,0.6925,1616,391,1746,774
130,1,0.7033,131,443,225,731
130,2,0.6775,236,439,327,732
130,7,0.8054,345,425,450,730
130,15,0.4822,611,235,942,1059
130,16,0.7303,1451,363,1624,822
130,18,0.492,1175,363,1313,794
130,20,0.7603,1742,414,1883,796
130,22,0.5618,1108,386,1206,788
130,6,0.6508,966,360,1122,880
130,23,0.6993,1614,390,1752,774
131,1,0.7294,128,444,222,730
131,2,0.6681,234,437,334,731
131,7,0.8172,344,425,450,730
131,15,0.4762,611,238,941,1052
131,16,0.7331,1445,366,1616,823
131,18,0.4939,1174,366,1310,792
131,20,0.7558,1740,414,1878,796
131,22,0.5888,1112,380,1210,790
131,6,0.6758,953,360,1130,875
131,23,0.6682,1611,393,1749,775
132,1,0.7484,129,441,222,729
132,2,0.6882,234,437,335,729
132,7,0.8159,344,425,450,730
132,15,0.4731,611,244,929,1043
132,16,0.7438,1439,366,1613,823
132,18,0.4814,1171,369,1306,792
132,20,0.7671,1734,413,1880,793
132,22,0.5959,1109,384,1205,791
132,6,0.6519,951,359,1139,872
132,23,0.6658,1611,394,1746,777
133,1,0.7341,127,441,222,728
133,2,0.6677,235,437,338,729
133,7,0.8184,344,428,450,728
133,15,0.4768,610,259,917,1040
133,16,0.7406,1438,370,1610,822
133,18,0.4834,1166,369,1300,794
133,20,0.7551,1728,413,1880,792
133,6,0.6315,954,355,1143,873
133,23,0.701,1610,395,1746,776
134,1,0.7147,127,443,222,726
134,2,0.6617,237,439,340,727
134,7,0.8001,345,432,450,726
134,15,0.5122,607,245,905,1039
134,16,0.7224,1441,373,1603,822
134,18,0.4854,1156,370,1299,795
134,20,0.7463,1727,411,1871,789
134,6,0.648,971,358,1153,873
134,23,0.7161,1614,394,1746,774
134,9,0.5935,852,311,979,731
135,1,0.6907,119,442,221,728
135,2,0.6768,238,442,341,727
135,7,0.8088,344,436,449,727
135,15,0.5276,571,243,880,1018
135,16,0.7147,1439,375,1597,822
135,18,0.4966,1152,374,1297,794
135,20,0.7233,1726,405,1867,786
135,6,0.6518,1000,353,1187,878
135,23,0.7279,1615,398,1745,774
135,9,0.5619,846,305,993,746
136,1,0.6986,119,444,221,727
136,2,0.6743,238,443,341,727
136,7,0.8179,342,439,449,728
136,15,0.5611,561,241,871,995
136,16,0.685,1435,378,1591,821
136,18,0.4901,1149,375,1294,796
136,20,0.6888,1720,413,1867,784
136,6,0.6438,1014,325,1208,881
136,23,0.7783,1620,402,1748,773
136,9,0.5752,841,306,1001,751
137,1,0.7013,119,444,221,725
137,2,0.6907,237,444,341,726
137,7,0.811,342,440,446,728
137,15,0.5547,546,240,863,995
137,16,0.6885,1435,378,1589,819
137,18,0.5077,1150,374,1289,792
137,20,0.7212,1717,416,1865,784
137,6,0.6118,1016,321,1218,885
137,23,0.7627,1622,407,1751,772
137,9,0.5852,836,307,1009,900
138,1,0.7097,120,446,221,725
138,2,0.6929,237,447,342,726
138,7,0.8278,341,443,446,728
138,15,0.536,519,241,868,996
138,16,0.6944,1434,378,1586,813
138,18,0.5271,1154,376,1285,791
138,20,0.7136,1717,414,1864,783
138,6,0.5964,1013,351,1223,885
138,23,0.7565,1625,409,1763,771
138,9,0.5767,835,308,1018,905
139,1,0.7001,119,446,221,724
139,2,0.686,237,447,336,725
139,7,0.8339,341,444,445,727
139,15,0.5106,512,246,862,995
139,16,0.6695,1434,376,1580,807
139,18,0.5167,1161,376,1280,787
139,20,0.7381,1716,419,1859,784
139,6,0.6143,1012,350,1226,889
139,23,0.7233,1629,409,1764,769
139,9,0.6015,833,302,1024,918
140,1,0.7026,120,441,220,725
140,2,0.6891,237,450,336,726
140,7,0.8257,341,445,445,726
140,15,0.508,504,247,855,994
140,16,0.6595,1432,378,1577,801
140,18,0.5452,1164,368,1277,781
140,20,0.7185,1715,419,1853,786
140,6,0.6258,1017,351,1230,890
140,23,0.7169,1636,413,1771,770
140,9,0.6224,834,304,1026,924
141,1,0.7048,121,444,219,725
141,2,0.6734,236,454,335,726
141,7,0.8247,341,445,444,726
141,15,0.5299,499,246,851,994
141,16,0.6705,1430,379,1575,802
141,18,0.5896,1171,370,1278,780
141,20,0.7399,1718,423,1850,785
141,6,0.6204,1022,351,1236,891
141,23,0.7358,1643,421,1782,774
141,9,0.641,836,306,1038,935
142,1,0.719,122,444,218,725
142,2,0.6911,235,454,333,726
142,7,0.8326,341,447,443,727
142,15,0.504,492,249,843,999
142,16,0.7058,1429,378,1578,802
142,18,0.5639,1189,379,1280,778
142,20,0.7462,1716,422,1845,781
142,6,0.6131,1026,351,1241,892
142,23,0.7264,1649,421,1779,756
142,9,0.6531,844,302,1044,935
142,24,0.6935,1837,414,1919,828
143,1,0.7117,123,449,219,723
143,2,0.698,235,454,332,725
143,7,0.8438,340,446,443,726
143,15,0.4966,489,252,832,996
143,16,0.6918,1427,377,1581,802
143,18,0.5938,1198,375,1283,776
143,20,0.7467,1705,420,1838,779
143,6,0.6058,1028,348,1271,895
143,23,0.7131,1654,421,1777,756
143,9,0.6566,850,298,1044,935
143,24,0.717,1825,397,1919,831
144,1,0.7111,125,451,220,723
144,2,0.6956,236,455,331,726
144,7,0.8459,340,445,442,723
144,15,0.487,490,258,828,996
144,16,0.6841,1426,375,1570,801
144,18,0.5512,1205,372,1289,775
144,20,0.7531,1704,420,1834,782
144,6,0.5922,1048,343,1264,897
144,23,0.7146,1655,421,1774,758
144,9,0.6596,859,294,1050,937
144,24,0.7251,1816,403,1919,834
145,1,0.7325,126,452,219,725
145,2,0.6993,234,454,329,727
145,7,0.8358,341,444,441,722
145,15,0.4751,488,260,825,993
145,16,0.6738,1423,374,1565,803
145,18,0.5572,1215,394,1296,772
145,20,0.7743,1702,420,1833,778
145,6,0.6425,1066,345,1265,896
145,23,0.7032,1659,426,1776,752
145,9,0.65,866,292,1053,943
145,24,0.6907,1809,400,1919,834
146,1,0.7243,126,452,221,727
146,2,0.7001,233,454,327,725
146,7,0.8212,342,443,441,721
146,15,0.481,485,266,821,991
146,16,0.6671,1422,374,1563,800
146,18,0.5776,1223,424,1302,765
146,20,0.7658,1704,418,1830,781
146,6,0.6473,1077,340,1270,896
146,9,0.6373,873,289,1059,943
146,24,0.6566,1799,402,1919,835
147,1,0.7295,126,452,219,726
147,2,0.6846,234,453,325,723
147,7,0.8288,343,442,440,721
147,15,0.4916,484,274,813,990
147,16,0.6867,1421,375,1560,798
147,18,0.5834,1229,420,1308,766
147,20,0.7586,1701,417,1828,780
147,6,0.6382,1097,338,1285,896
147,9,0.6176,875,278,1086,944
147,24,0.6774,1794,403,1919,830
147,23,0.7259,1680,414,1789,776
148,1,0.7351,127,452,218,725
148,2,0.6562,236,451,325,720
148,7,0.8078,344,438,441,719
148,15,0.4927,487,277,809,987
148,16,0.6982,1420,376,1558,799
148,18,0.5857,1235,396,1319,766
148,20,0.7589,1704,414,1824,783
148,6,0.6508,1117,332,1301,896
148,9,0.6222,885,278,1080,941
148,24,0.7278,1779,400,1919,831
148,23,0.7405,1686,412,1790,779
149,1,0.7341,127,452,219,721
149,2,0.6612,237,451,324,721
149,7,0.8071,343,438,438,718
149,15,0.4969,485,277,803,985
149,16,0.6963,1420,379,1557,800
149,20,0.7418,1707,414,1808,779
149,6,0.6584,1112,334,1316,901
149,9,0.6326,892,277,1086,941
149,24,0.7343,1758,398,1919,826
150,1,0.718,126,452,220,718
150,2,0.6728,238,452,324,719
150,7,0.7969,342,437,436,717
150,15,0.5081,487,277,800,979
150,16,0.6946,1419,380,1558,800
150,20,0.7145,1702,412,1807,768
150,6,0.6545,1113,334,1334,907
150,9,0.6331,895,275,1089,938
150,24,0.7431,1735,406,1919,826
151,1,0.7197,127,452,220,717
151,2,0.6817,240,452,325,715
151,7,0.8103,337,436,435,717
151,15,0.504,489,277,796,973
151,16,0.6972,1418,382,1558,799
151,6,0.6628,1124,336,1335,918
151,9,0.6228,903,274,1100,940
151,24,0.7356,1723,413,1919,826
152,1,0.7143,127,451,220,717
152,2,0.6881,241,453,324,715
152,7,0.8298,332,437,436,717
152,15,0.5321,496,277,791,954
152,16,0.6949,1418,383,1562,798
152,6,0.6671,1146,335,1331,911
152,9,0.6388,911,270,1118,943
152,24,0.738,1712,418,1918,826
153,1,0.7057,128,451,221,718
153,2,0.7024,239,453,326,716
153,7,0.8246,331,439,433,717
153,15,0.542,503,277,785,938
153,16,0.7019,1417,383,1560,797
153,6,0.6608,1141,336,1337,910
153,9,0.6257,914,266,1147,946
153,24,0.7193,1706,420,1916,825
154,1,0.6967,128,451,222,718
154,2,0.7044,240,454,325,715
154,7,0.8177,331,441,431,716
154,15,0.5437,506,278,783,928
154,16,0.6993,1417,382,1559,797
154,6,0.6451,1147,338,1346,912
154,9,0.6228,924,269,1177,945
154,24,0.7146,1705,426,1915,826
155,1,0.6995,128,450,223,717
155,2,0.6836,241,456,326,716
155,7,0.8441,333,441,430,716
155,15,0.5441,509,280,780,928
155,16,0.7052,1418,381,1557,795
155,6,0.6494,1157,338,1349,922
155,9,0.6152,929,269,1193,949
155,24,0.6926,1708,422,1911,825
156,1,0.6949,128,450,224,716
156,2,0.689,244,457,328,717
156,7,0.841,334,442,426,717
156,15,0.5523,511,282,778,927
156,16,0.7085,1419,382,1556,791
156,6,0.6353,1158,339,1353,925
156,9,0.6237,932,272,1201,954
156,24,0.6767,1708,427,1887,816
157,1,0.6943,130,452,223,714
157,2,0.6952,243,459,329,715
157,7,0.8372,333,445,424,718
157,15,0.5479,517,284,774,932
157,16,0.6961,1419,381,1555,789
157,6,0.6504,1161,339,1356,927
157,9,0.6472,940,273,1199,962
157,24,0.6918,1707,422,1885,815
158,1,0.7029,131,455,222,714
158,2,0.6848,242,460,330,714
158,7,0.8172,331,447,420,718
158,15,0.5548,524,288,771,929
158,16,0.694,1419,382,1553,790
158,6,0.6416,1168,335,1360,928
158,9,0.6449,944,271,1201,967
158,24,0.7173,1703,421,1885,814
159,1,0.6997,133,457,222,712
159,2,0.7342,242,461,331,716
159,7,0.824,330,450,418,717
159,15,0.5563,532,289,768,932
159,16,0.6933,1417,382,1552,789
159,6,0.6379,1175,332,1376,926
159,9,0.6306,954,270,1200,974
159,24,0.704,1690,425,1876,809
159,20,0.6016,1687,424,1775,807
160,1,0.6822,133,459,223,713
160,2,0.7254,240,463,330,716
160,7,0.835,327,444,415,715
160,15,0.5305,536,299,767,931
160,16,0.6869,1418,383,1550,787
160,6,0.6345,1201,328,1398,927
160,9,0.6497,977,270,1202,977
160,24,0.6907,1686,420,1876,809
161,1,0.6875,133,459,222,714
161,2,0.7308,240,462,332,716
161,7,0.8247,325,443,414,715
161,15,0.513,537,305,765,933
161,16,0.6887,1417,383,1549,787
161,6,0.644,1224,319,1400,930
161,9,0.6389,985,264,1203,982
161,24,0.6878,1683,421,1874,806
162,1,0.6937,133,459,221,715
162,2,0.7166,238,461,332,713
162,7,0.8302,323,443,412,713
162,15,0.5259,536,350,763,933
162,16,0.6927,1416,382,1549,787
162,6,0.6632,1245,319,1402,931
162,9,0.6246,988,259,1205,980
162,24,0.6899,1685,418,1832,805
163,1,0.6845,133,458,219,715
163,2,0.7275,236,459,332,713
163,7,0.8307,322,443,411,713
163,15,0.5078,535,319,759,932
163,16,0.7024,1415,383,1548,787
163,6,0.632,1225,315,1413,930
163,9,0.6361,994,255,1204,982
163,24,0.7203,1685,415,1822,803
163,25,0.7216,903,456,1002,764
164,1,0.674,132,458,219,713
164,2,0.7285,237,459,332,713
164,7,0.8182,323,442,411,712
164,15,0.4984,529,324,757,926
164,16,0.7042,1412,384,1547,786
164,6,0.6245,1230,313,1423,930
164,9,0.6348,1008,253,1203,983
164,24,0.719,1680,417,1817,804
164,25,0.7163,897,455,1007,768
165,1,0.6484,130,457,218,711
165,2,0.7223,245,459,332,712
165,7,0.819,322,441,411,713
165,15,0.5013,522,324,753,922
165,16,0.7065,1413,386,1545,786
165,6,0.6213,1246,309,1436,932
165,9,0.6445,1019,252,1207,982
165,24,0.7191,1682,425,1815,805
165,25,0.7207,895,455,1007,771
166,1,0.6497,130,456,220,711
166,2,0.7173,248,460,332,712
166,7,0.8009,323,441,412,713
166,15,0.5076,514,322,749,919
166,16,0.7074,1420,388,1543,786
166,6,0.6258,1239,308,1455,940
166,9,0.6579,1026,252,1210,981
166,24,0.716,1675,428,1815,804
166,25,0.7148,894,453,1011,772
167,1,0.6597,129,456,221,709
167,2,0.7177,248,460,332,712
167,7,0.8107,323,441,411,713
167,15,0.5301,508,327,745,913
167,16,0.7118,1433,390,1541,788
167,6,0.635,1249,306,1496,945
167,9,0.656,1036,253,1226,980
167,24,0.7233,1672,432,1804,803
167,25,0.7231,894,451,1016,772
168,1,0.6729,129,455,222,707
168,2,0.7162,250,460,331,707
168,7,0.8114,322,441,411,712
168,15,0.5337,500,327,743,910
168,6,0.6316,1253,307,1532,947
168,9,0.6384,1034,246,1242,984
168,24,0.7362,1670,435,1822,804
168,25,0.7366,898,451,1020,771
169,1,0.679,125,454,220,707
169,2,0.696,251,460,330,704
169,7,0.8269,322,444,411,711
169,15,0.5254,496,335,740,902
169,6,0.6195,1264,312,1553,949
169,9,0.6261,1043,246,1262,999
169,24,0.7251,1657,438,1822,805
169,25,0.7268,907,450,1025,770
169,16,0.7005,1447,412,1536,785
170,1,0.6731,126,454,218,707
170,2,0.6878,248,461,329,702
170,7,0.8189,322,445,411,711
170,15,0.551,493,353,739,898
170,6,0.6,1270,315,1570,952
170,9,0.6357,1048,244,1284,1010
170,24,0.7267,1655,440,1818,803
170,25,0.6934,899,449,1023,773
171,1,0.6641,124,454,219,709
171,2,0.6833,242,461,328,700
171,7,0.8198,321,445,410,711
171,15,0.5302,488,346,738,896
171,6,0.6096,1283,310,1571,957
171,9,0.6528,1054,244,1302,1007
171,24,0.7255,1653,439,1812,801
171,25,0.6937,900,447,1018,774
172,1,0.6713,124,454,218,708
172,2,0.6843,238,461,327,700
172,7,0.8199,320,445,410,712
172,15,0.5361,482,361,736,896
172,6,0.6198,1286,308,1570,962
172,9,0.6618,1060,242,1315,1014
172,24,0.7216,1653,436,1807,797
172,25,0.6904,904,445,1014,775
173,1,0.6928,125,454,219,708
173,2,0.7227,233,466,326,703
173,7,0.8229,320,448,410,714
173,15,0.5323,481,372,735,895
173,6,0.5899,1292,306,1568,970
173,9,0.6539,1081,245,1328,1022
173,24,0.7169,1656,434,1809,790
173,25,0.6974,900,443,1014,777
174,1,0.6876,125,455,214,708
174,2,0.6883,236,467,325,704
174,7,0.8166,320,450,408,712
174,15,0.543,479,336,734,897
174,6,0.6077,1297,306,1568,971
174,9,0.6438,1088,245,1346,1027
174,24,0.7152,1654,432,1800,792
174,25,0.6989,904,446,1016,778
175,1,0.687,124,456,212,708
175,2,0.7009,240,467,325,706
175,7,0.827,319,450,408,711
175,15,0.5466,480,370,732,896
175,6,0.5932,1304,304,1568,973
175,9,0.6506,1092,238,1354,1041
175,24,0.6913,1643,431,1795,790
175,25,0.7107,904,445,1016,778
176,1,0.6516,125,457,212,709
176,2,0.6781,241,466,325,706
176,7,0.818,320,450,408,710
176,15,0.5393,481,378,731,893
176,6,0.5985,1323,301,1572,974
176,9,0.6458,1099,236,1360,1048
176,24,0.6811,1638,430,1788,791
176,25,0.7204,907,446,1018,780
177,1,0.6664,131,459,212,703
177,2,0.7052,243,463,327,703
177,7,0.8252,319,449,408,710
177,15,0.5247,484,335,731,897
177,6,0.597,1345,300,1583,973
177,9,0.6496,1113,234,1362,1055
177,24,0.6854,1635,430,1784,786
177,25,0.7163,906,445,1026,781
177,26,0.5216,1018,401,1127,755
177,27,0.6841,741,366,877,822
178,1,0.6682,134,460,210,707
178,2,0.6773,241,465,323,703
178,7,0.8233,317,450,407,710
178,15,0.513,484,330,730,897
178,6,0.633,1363,293,1599,973
178,9,0.6603,1122,227,1361,1057
178,24,0.6979,1635,427,1781,788
178,25,0.7172,905,443,1031,782
178,26,0.5507,1013,402,1130,755
178,27,0.6638,748,370,889,825
179,1,0.6708,134,461,208,709
179,2,0.6821,238,465,320,702
179,7,0.8319,316,448,407,710
179,15,0.51,485,334,728,896
179,6,0.6416,1395,291,1618,971
179,9,0.6477,1137,226,1364,1055
179,24,0.7062,1633,429,1783,790
179,25,0.7346,909,441,1033,783
179,26,0.5351,1011,410,1125,754
179,27,0.662,751,371,891,830
180,1,0.6611,134,461,210,709
180,2,0.7178,236,464,320,703
180,7,0.7999,317,449,407,706
180,15,0.493,485,339,728,894
180,6,0.6383,1423,290,1625,972
180,9,0.6275,1148,215,1383,1056
180,24,0.6905,1630,429,1785,790
180,25,0.748,911,444,1032,786
180,26,0.5552,1008,410,1123,753
180,27,0.6626,757,369,895,828
181,1,0.6701,134,460,220,709
181,2,0.7298,236,463,319,704
181,7,0.7946,317,446,406,704
181,15,0.4903,489,346,728,893
181,6,0.6485,1446,291,1636,976
181,9,0.6173,1158,210,1388,1055
181,24,0.6949,1629,432,1773,789
181,25,0.738,913,445,1034,787
181,26,0.598,1005,416,1117,750
181,27,0.6402,760,369,895,832
182,1,0.6955,135,461,221,709
182,2,0.7353,237,463,319,704
182,7,0.7889,317,445,407,704
182,15,0.4996,491,345,728,889
182,6,0.6595,1398,289,1638,993
182,9,0.6043,1161,214,1398,1055
182,24,0.6951,1634,435,1771,787
182,25,0.7182,916,443,1036,786
182,26,0.6136,1005,419,1109,744
182,27,0.6336,762,370,892,836
183,1,0.692,134,461,223,707
183,2,0.7367,234,463,319,704
183,7,0.7956,317,444,407,704
183,15,0.5028,493,346,727,886
183,6,0.6533,1460,288,1652,1003
183,9,0.6077,1166,208,1405,1056
183,24,0.6866,1630,437,1771,786
183,25,0.737,918,445,1040,785
183,26,0.6332,1006,421,1106,741
183,27,0.6278,762,369,895,840
184,1,0.6603,135,462,222,704
184,2,0.7262,234,463,319,704
184,7,0.7699,316,446,408,707
184,15,0.5118,494,345,726,882
184,6,0.6554,1470,286,1679,1007
184,9,0.6083,1174,198,1418,1055
184,24,0.6997,1636,435,1773,786
184,25,0.7452,916,446,1042,785
184,26,0.5911,1007,421,1102,737
184,27,0.63,761,363,891,836
185,1,0.6724,135,462,219,703
185,2,0.7213,236,464,318,703
185,7,0.7934,316,450,408,706
185,15,0.5327,496,343,723,874
185,6,0.6417,1477,289,1713,1003
185,9,0.6288,1182,196,1432,1054
185,24,0.6842,1643,437,1767,786
185,25,0.7583,915,441,1045,786
185,26,0.618,1007,423,1100,741
185,27,0.6336,764,358,901,840
186,1,0.6667,135,462,217,703
186,2,0.7231,234,464,317,701
186,7,0.8001,316,449,405,703
186,15,0.5287,496,344,721,864
186,6,0.6504,1470,289,1741,1012
186,9,0.634,1191,195,1442,1057
186,24,0.682,1648,436,1765,785
186,25,0.7201,914,436,1047,784
186,26,0.586,1008,423,1098,734
186,27,0.6351,767,355,913,836
187,1,0.6712,134,461,217,703
187,2,0.7534,236,464,315,702
187,7,0.8058,316,448,405,703
187,15,0.5294,498,344,720,859
187,6,0.6519,1476,289,1755,1019
187,9,0.6538,1200,193,1480,1068
187,24,0.6342,1654,438,1764,786
187,25,0.7334,918,434,1045,784
187,26,0.6051,1009,426,1096,734
187,27,0.6353,777,356,916,840
188,1,0.6705,135,461,218,703
188,2,0.7272,236,465,313,702
188,7,0.8077,314,452,407,705
188,15,0.5224,499,344,719,857
188,6,0.6274,1476,286,1760,1028
188,9,0.6723,1203,190,1530,1073
188,24,0.6369,1661,433,1763,779
188,25,0.7393,920,433,1042,786
188,26,0.5949,1010,430,1090,727
188,27,0.6355,787,351,926,838
189,1,0.6592,134,461,220,704
189,2,0.7144,236,467,314,701
189,7,0.798,316,454,408,705
189,15,0.5227,503,346,719,858
189,6,0.6346,1482,286,1765,1038
189,9,0.6619,1210,184,1573,1076
189,25,0.7306,918,432,1044,788
189,27,0.6377,793,346,928,837
190,1,0.6646,135,462,221,704
190,2,0.7174,235,468,313,702
190,7,0.8166,317,457,407,705
190,15,0.5048,509,348,717,857
190,6,0.6305,1489,286,1767,1038
190,9,0.6342,1227,183,1605,1078
190,25,0.7466,921,431,1043,789
190,27,0.6356,798,345,933,838
191,1,0.6458,135,462,221,701
191,2,0.7313,234,472,312,702
191,7,0.817,317,459,407,705
191,15,0.5011,514,350,716,857
191,6,0.6285,1514,284,1781,1038
191,9,0.5938,1232,187,1619,1080
191,25,0.7627,918,432,1046,790
191,27,0.6402,801,347,935,838
192,1,0.6508,136,464,221,701
192,2,0.7457,234,474,311,703
192,7,0.8111,317,461,407,705
192,15,0.5038,518,351,715,857
192,6,0.6381,1540,278,1789,1039
192,9,0.6158,1236,189,1600,1074
192,25,0.7345,916,430,1056,791
192,27,0.6319,800,348,941,844
193,1,0.6484,136,464,221,699
193,2,0.7564,232,475,312,704
193,7,0.8134,317,460,407,705
193,15,0.5059,524,353,715,857
193,6,0.6429,1548,274,1798,1040
193,9,0.61,1241,190,1570,1077
193,25,0.7105,909,428,1067,792
193,27,0.6363,805,347,944,847
194,1,0.6471,136,464,220,699
194,2,0.7588,232,476,313,704
194,7,0.8265,317,463,406,705
194,15,0.5172,526,354,711,857
194,6,0.6382,1549,264,1814,1038
194,9,0.6252,1269,188,1552,1076
194,25,0.6948,905,433,1068,795
194,27,0.6283,811,347,946,851
195,1,0.6523,137,465,220,699
195,2,0.731,232,472,312,704
195,7,0.8056,316,462,406,705
195,15,0.5061,526,358,713,856
195,6,0.6382,1550,261,1848,1038
195,9,0.6352,1274,187,1555,1074
195,25,0.7198,924,434,1067,796
195,27,0.6404,813,346,949,848
196,1,0.6653,137,466,218,699
196,2,0.7261,232,471,313,703
196,7,0.8153,315,459,406,705
196,15,0.504,525,361,708,853
196,6,0.636,1552,258,1858,1037
196,9,0.6331,1303,166,1573,1076
196,25,0.7389,930,437,1068,797
196,27,0.6562,814,347,950,849
197,1,0.663,137,468,215,699
197,2,0.7107,231,470,312,701
197,7,0.8045,314,457,406,704
197,15,0.5138,523,360,705,852
197,6,0.633,1567,259,1870,1041
197,9,0.6624,1288,172,1584,1075
197,25,0.7362,929,438,1066,797
197,27,0.6508,816,349,953,852
197,28,0.7345,747,459,834,726
198,1,0.6621,138,469,215,699
198,2,0.6976,229,469,313,700
198,7,0.813,314,457,406,704
198,15,0.5204,520,362,703,850
198,6,0.6384,1585,258,1901,1057
198,9,0.6474,1333,163,1596,1079
198,25,0.7222,929,437,1068,797
198,27,0.6358,818,350,957,851
198,28,0.7415,732,455,832,728
199,1,0.6574,138,469,215,698
199,2,0.6873,226,468,314,698
199,7,0.8001,314,456,405,702
199,15,0.533,514,363,701,849
199,6,0.6375,1598,256,1918,1059
199,9,0.6468,1341,159,1611,1079
199,25,0.7247,938,435,1077,793
199,27,0.6513,820,350,961,861
199,28,0.7301,727,451,830,727
200,1,0.6982,139,467,215,697
200,2,0.6981,227,468,314,696
200,7,0.7985,315,455,406,700
200,15,0.5427,509,363,701,846
200,6,0.6357,1610,256,1920,1064
200,9,0.6328,1353,157,1628,1079
200,25,0.731,947,434,1081,793
200,27,0.6425,821,348,964,856
200,28,0.7625,725,454,828,726
201,1,0.6997,139,467,215,695
201,2,0.7047,227,468,314,695
201,7,0.7959,315,455,405,699
201,15,0.5276,498,365,699,847
201,6,0.6217,1622,258,1920,1042
201,9,0.6542,1371,154,1638,1075
201,25,0.7407,958,436,1092,793
201,27,0.6401,823,346,966,866
201,28,0.7353,721,457,827,724
202,1,0.6767,138,466,213,693
202,2,0.7174,227,469,314,695
202,7,0.8007,315,454,406,700
202,15,0.5321,497,365,698,841
202,6,0.6214,1633,257,1920,1037
202,9,0.6754,1387,148,1650,1076
202,25,0.7363,959,433,1096,793
202,27,0.6339,825,345,968,872
202,28,0.7357,718,460,826,723
203,1,0.6745,139,465,212,693
203,2,0.6962,227,469,314,693
203,7,0.8067,315,454,406,700
203,15,0.5336,494,366,696,833
203,6,0.6424,1645,255,1920,1038
203,9,0.6542,1399,146,1676,1073
203,25,0.7477,963,433,1097,797
203,27,0.6348,824,336,976,871
203,28,0.7308,714,462,825,722
204,1,0.668,137,464,212,693
204,2,0.681,227,470,313,690
204,7,0.8073,315,454,405,700
204,15,0.538,493,365,694,830
204,6,0.6595,1654,253,1920,1037
204,9,0.6381,1414,135,1719,1077
204,25,0.7462,969,428,1103,798
204,27,0.6429,823,328,980,874
204,28,0.7217,703,465,821,721
205,1,0.6787,137,463,212,693
205,2,0.6744,228,472,314,688
205,7,0.7975,314,455,403,698
205,15,0.5384,490,365,694,828
205,6,0.6668,1663,248,1920,1037
205,9,0.6228,1431,127,1744,1076
205,25,0.7637,972,426,1110,803
205,27,0.6395,821,326,983,875
205,28,0.7127,695,466,816,719
206,1,0.6537,135,462,212,693
206,2,0.6909,228,471,313,689
206,7,0.787,314,456,403,696
206,15,0.5384,489,364,691,829
206,6,0.6348,1685,241,1920,1037
206,9,0.6453,1446,128,1766,1077
206,25,0.7587,975,424,1112,800
206,27,0.6444,837,322,990,877
206,28,0.7389,694,463,811,718
207,1,0.6658,136,463,212,693
207,2,0.6664,227,469,309,691
207,7,0.7928,314,456,405,694
207,15,0.5557,486,363,692,827
207,6,0.6011,1710,237,1920,1030
207,9,0.6625,1460,130,1764,1078
207,25,0.7278,983,422,1112,800
207,27,0.634,842,323,994,872
207,28,0.7314,695,463,809,716
208,1,0.6684,137,463,212,691
208,2,0.6542,227,469,308,690
208,7,0.7891,314,459,401,694
208,15,0.5508,485,361,690,828
208,6,0.606,1731,136,1920,1036
208,9,0.6609,1463,128,1783,1079
208,25,0.7136,992,423,1116,803
208,27,0.6207,845,323,996,869
208,28,0.7019,697,460,806,713
209,1,0.6572,138,464,212,691
209,2,0.6588,226,469,308,693
209,7,0.7949,313,459,401,696
209,15,0.5447,485,360,689,825
209,6,0.6068,1760,46,1920,1042
209,9,0.6615,1468,117,1797,1076
209,25,0.7273,998,426,1116,806
209,27,0.6444,851,320,994,874
209,28,0.7067,698,458,799,713
210,1,0.6548,139,466,212,691
210,2,0.6541,225,469,307,695
210,7,0.7929,315,461,399,695
210,15,0.5319,485,365,687,822
210,6,0.5922,1732,20,1920,1059
210,9,0.663,1513,117,1811,1073
210,25,0.7467,1002,426,1121,809
210,27,0.6328,852,321,1002,876
210,28,0.7448,695,458,793,714
211,1,0.6665,137,468,211,691
211,2,0.6692,224,469,306,695
211,7,0.796,315,466,394,692
211,15,0.5202,485,366,681,822
211,6,0.6111,1699,5,1919,1064
211,9,0.689,1529,113,1812,1068
211,25,0.751,1008,426,1122,810
211,27,0.6315,851,320,1016,882
211,28,0.7211,695,460,790,714
212,1,0.6438,137,469,211,692
212,2,0.6678,224,469,306,695
212,7,0.8069,313,467,392,693
212,15,0.4997,485,371,682,824
212,6,0.5942,1660,0,1920,1061
212,9,0.7321,1535,110,1777,1057
212,25,0.7547,1013,424,1129,816
212,27,0.6241,853,320,1026,882
212,28,0.6854,695,461,788,713
213,1,0.6549,138,470,210,692
213,2,0.6621,225,470,306,695
213,7,0.8236,316,467,393,693
213,15,0.4989,484,375,681,823
213,6,0.5801,1548,4,1919,1068
213,25,0.7246,1016,428,1140,814
213,27,0.6204,862,320,1035,885
213,28,0.6916,694,462,784,712
214,1,0.6582,137,470,211,693
214,2,0.6719,225,470,301,694
214,7,0.8276,317,467,394,694
214,15,0.5033,485,378,680,824
214,6,0.5305,1541,2,1918,1064
214,25,0.746,1018,429,1157,819
214,27,0.6222,865,320,1044,892
214,28,0.6391,690,467,781,709
215,1,0.6582,138,470,211,693
215,2,0.6853,223,471,299,692
215,7,0.8248,315,466,394,694
215,15,0.5036,483,380,678,823
215,6,0.5292,1527,3,1918,1067
215,25,0.7496,1019,423,1149,819
215,27,0.6286,867,320,1048,897
215,28,0.6505,682,468,778,711
216,1,0.659,140,469,212,693
216,2,0.6692,223,470,297,691
216,7,0.8252,315,467,395,693
216,15,0.4853,482,380,677,825
216,6,0.5355,1502,4,1918,1064
216,25,0.7589,1020,423,1161,819
216,27,0.6256,867,319,1049,899
216,28,0.6344,679,477,775,711
217,1,0.6566,139,469,212,693
217,2,0.6838,221,471,296,692
217,7,0.8319,317,469,396,691
217,15,0.5083,481,381,673,826
217,6,0.5365,1477,3,1918,1062
217,25,0.7466,1020,424,1170,822
217,27,0.6123,868,318,1054,905
217,28,0.6131,674,484,775,712
217,29,0.7161,1402,434,1534,748
218,1,0.6387,139,470,214,692
218,2,0.6916,219,469,298,691
218,7,0.8288,317,469,396,688
218,15,0.517,481,380,676,820
218,6,0.5305,1455,6,1918,1066
218,25,0.7512,1025,422,1173,824
218,27,0.6075,872,318,1054,909
218,28,0.6258,671,486,770,714
218,29,0.6859,1408,423,1518,748
219,1,0.651,139,473,216,691
219,2,0.6701,220,469,299,689
219,7,0.8015,317,468,395,687
219,15,0.5052,482,381,677,815
219,6,0.5266,1428,7,1918,1066
219,25,0.7339,1028,420,1188,822
219,27,0.5995,875,319,1057,911
219,28,0.6378,668,485,765,715
220,1,0.6388,139,473,217,689
220,2,0.6942,220,470,298,689
220,7,0.797,317,468,398,686
220,15,0.5261,482,380,673,811
220,6,0.517,1413,6,1918,1065
220,25,0.7266,1032,422,1196,819
220,27,0.6002,884,317,1060,912
220,28,0.6368,665,482,766,713
220,30,0.4641,1231,460,1327,712
221,1,0.637,139,471,218,688
221,2,0.682,220,470,298,686
221,7,0.7744,317,468,399,684
221,15,0.5256,484,380,669,808
221,6,0.5156,1389,6,1919,1064
221,25,0.7216,1034,419,1207,819
221,27,0.6063,891,312,1064,913
221,28,0.6724,665,482,763,713
221,30,0.472,1231,461,1318,711
222,1,0.6341,139,470,219,688
222,2,0.6784,222,471,299,685
222,7,0.8026,315,467,398,685
222,15,0.5237,485,380,664,807
222,6,0.5251,1365,7,1919,1066
222,25,0.7307,1041,419,1207,819
222,27,0.6151,899,308,1071,913
222,28,0.658,663,480,757,712
222,30,0.4774,1230,461,1311,711
223,1,0.6094,139,470,220,688
223,2,0.6689,223,471,299,686
223,7,0.7929,315,466,399,687
223,15,0.5246,485,380,663,805
223,6,0.5229,1338,7,1917,1067
223,25,0.7297,1053,419,1197,820
223,27,0.6128,905,307,1080,913
223,28,0.6283,661,482,754,710
223,30,0.4815,1229,460,1307,710
224,1,0.6065,140,471,220,688
224,2,0.6907,224,474,299,687
224,7,0.7751,314,468,400,687
224,15,0.5233,488,381,661,805
224,6,0.4963,1299,5,1898,1066
224,25,0.7421,1054,416,1194,822
224,27,0.6177,910,303,1083,912
224,28,0.6251,659,482,751,708
224,30,0.4896,1224,460,1303,710
224,9,0.6392,1794,38,1919,1063
225,1,0.5988,139,471,221,688
225,2,0.6852,224,474,299,689
225,7,0.7904,316,467,404,687
225,15,0.5174,490,380,660,805
225,6,0.5112,1261,4,1884,1067
225,25,0.7494,1059,414,1203,823
225,27,0.6115,917,298,1090,913
225,28,0.6032,657,482,743,708
225,30,0.4784,1224,459,1301,707
225,32,0.4858,839,428,933,725
225,9,0.5002,1781,49,1920,850
226,1,0.5999,142,472,223,690
226,2,0.7184,224,475,299,692
226,7,0.7732,316,468,406,686
226,15,0.5215,493,382,659,805
226,6,0.5023,1225,7,1847,1068
226,25,0.7715,1065,412,1216,827
226,27,0.6069,924,295,1095,914
226,28,0.6015,654,481,737,707
226,30,0.4764,1223,460,1301,691
226,32,0.4452,833,435,928,719
226,9,0.5689,1808,60,1920,823
227,1,0.6034,144,472,223,689
227,2,0.7205,224,475,300,692
227,7,0.778,316,467,405,686
227,15,0.531,492,383,657,804
227,6,0.5045,1194,8,1795,1066
227,25,0.7507,1072,414,1229,832
227,27,0.5992,929,292,1101,915
227,28,0.6145,649,478,731,707
227,32,0.4794,830,438,922,725
227,9,0.5459,1820,177,1920,816
228,1,0.5922,141,472,222,686
228,2,0.6867,224,475,300,692
228,7,0.78,315,467,406,686
228,15,0.5225,494,387,655,803
228,6,0.4897,1154,7,1753,1068
228,25,0.7225,1072,416,1201,825
228,27,0.6123,937,291,1107,920
228,28,0.6342,646,479,726,705
228,32,0.4856,827,435,919,726
228,9,0.6046,1842,233,1920,782
229,1,0.6163,141,473,221,684
229,2,0.6753,226,475,300,691
229,7,0.7827,313,467,406,685
229,15,0.5218,495,392,654,802
229,6,0.4801,1134,8,1705,1068
229,25,0.6946,1077,419,1203,820
229,27,0.6178,943,292,1112,925
229,28,0.6459,643,478,724,707
229,32,0.5319,824,436,915,726
230,1,0.6067,143,475,221,684
230,2,0.7038,224,474,299,692
230,7,0.772,312,469,407,685
230,15,0.5212,495,394,652,802
230,6,0.4859,1107,8,1653,1068
230,25,0.6541,1086,419,1197,821
230,27,0.6144,949,292,1122,938
230,28,0.6502,640,478,725,710
230,32,0.5631,819,438,911,727
231,1,0.5896,141,475,220,684
231,2,0.7134,223,475,299,691
231,7,0.7958,311,470,392,686
231,15,0.5071,495,397,649,803
231,6,0.4856,1092,6,1607,1070
231,27,0.6065,957,292,1125,937
231,28,0.6279,638,480,725,709
231,32,0.5174,818,439,907,727
231,33,0.6098,1712,452,1837,743
232,1,0.5908,140,474,219,686
232,2,0.714,224,477,300,687
232,7,0.7936,309,469,386,687
232,15,0.5102,492,399,646,803
232,6,0.5013,1070,7,1571,1069
232,27,0.6119,959,292,1130,937
232,28,0.6217,636,481,723,710
232,32,0.4955,803,438,907,725
232,33,0.634,1715,451,1838,743
233,1,0.5994,141,475,218,687
233,2,0.7117,224,475,300,687
233,7,0.7828,308,467,385,687
233,15,0.5417,486,398,643,798
233,6,0.5049,1067,7,1550,1068
233,27,0.5997,965,293,1145,941
233,28,0.6157,632,483,715,710
233,32,0.4937,785,437,901,722
233,33,0.627,1718,439,1839,741
234,1,0.612,143,476,217,688
234,2,0.7048,224,474,301,687
234,7,0.7714,310,467,384,688
234,15,0.5441,481,397,640,795
234,6,0.4971,1062,7,1531,1069
234,27,0.6031,966,292,1136,942
234,28,0.617,630,484,717,707
234,32,0.5134,787,440,900,723
234,33,0.6388,1712,435,1838,739
235,1,0.5922,143,475,216,688
235,2,0.6909,223,474,302,688
235,7,0.7746,307,466,384,687
235,15,0.556,471,397,638,795
235,6,0.4763,1055,6,1511,1073
235,27,0.6107,972,291,1130,950
235,28,0.6166,628,482,710,706
235,32,0.541,782,442,895,726
235,33,0.6405,1703,435,1835,737
236,1,0.5957,142,473,216,688
236,2,0.6807,223,473,304,688
236,7,0.7571,306,466,382,687
236,15,0.5597,466,397,634,793
236,6,0.4606,1043,7,1489,1070
236,27,0.5665,971,289,1132,953
236,28,0.6005,624,484,708,705
236,32,0.5215,779,443,897,727
236,33,0.6385,1697,434,1826,734
237,1,0.5766,145,472,216,686
237,2,0.6911,223,472,304,688
237,7,0.7449,305,467,381,686
237,15,0.5519,458,396,631,789
237,6,0.4733,1026,6,1466,1068
237,27,0.5578,985,346,1158,960
237,28,0.6289,622,486,702,703
237,32,0.5263,774,441,887,725
237,33,0.64,1696,433,1815,731
237,34,0.5317,1784,355,1919,841
238,1,0.603,145,473,216,684
238,2,0.6887,223,472,305,687
238,7,0.7378,304,469,379,684
238,15,0.5587,454,397,630,784
238,6,0.4804,1021,5,1452,1068
238,28,0.6113,620,485,700,703
238,32,0.5008,778,443,886,724
238,33,0.6649,1695,433,1807,729
238,34,0.5212,1785,359,1919,838
239,1,0.5955,146,472,216,684
239,2,0.6694,223,474,305,684
239,7,0.7225,303,471,379,683
239,15,0.5493,447,397,629,782
239,6,0.4705,1001,5,1434,1069
239,28,0.6061,618,484,697,702
239,32,0.5118,774,440,882,725
239,33,0.6394,1694,438,1803,723
239,34,0.5197,1785,362,1919,839
240,1,0.579,148,471,216,684
240,2,0.6567,223,476,304,683
240,7,0.7521,304,469,378,683
240,15,0.5314,445,397,628,783
240,6,0.463,990,5,1416,1071
240,28,0.6118,615,481,698,702
240,32,0.5399,772,438,878,723
240,33,0.5925,1687,437,1776,712
240,34,0.5478,1785,359,1919,842
241,1,0.5883,149,471,216,684
241,2,0.6576,224,477,303,682
241,7,0.7419,304,469,377,684
241,15,0.5349,443,398,621,782
241,6,0.4789,989,7,1404,1067
241,28,0.6131,610,477,694,705
241,32,0.5327,772,435,874,719
241,33,0.579,1675,437,1763,710
241,34,0.5461,1770,359,1919,838
241,35,0.5635,1426,433,1551,748
242,1,0.5978,148,470,217,684
242,2,0.6668,225,478,303,682
242,7,0.7485,304,469,377,686
242,15,0.5374,440,398,618,780
242,6,0.4883,988,5,1392,1068
242,28,0.601,607,472,691,705
242,32,0.5138,769,439,859,718
242,33,0.5767,1672,439,1758,709
242,34,0.5451,1747,366,1918,839
242,35,0.5541,1425,433,1549,749
243,1,0.5972,148,470,217,682
243,2,0.6668,225,476,305,682
243,7,0.7501,301,469,376,686
243,15,0.5397,436,397,615,782
243,6,0.4803,979,4,1370,1068
243,28,0.6283,607,468,688,704
243,32,0.5189,766,435,849,718
243,33,0.5273,1672,441,1752,709
243,34,0.5469,1728,364,1915,839
243,35,0.5562,1424,433,1548,749
244,1,0.592,148,472,216,681
244,2,0.6795,225,477,305,686
244,7,0.7533,300,471,375,685
244,15,0.5353,434,397,611,783
244,6,0.4773,969,3,1353,1068
244,28,0.6299,602,473,686,702
244,32,0.4918,763,435,844,715
244,33,0.5709,1664,444,1754,711
244,34,0.53,1715,368,1909,834
244,35,0.561,1424,431,1547,749
245,1,0.6049,148,474,217,684
245,2,0.6728,225,479,307,684
245,7,0.7453,300,473,375,683
245,15,0.5264,432,399,607,784
245,6,0.468,954,5,1341,1070
245,28,0.6482,600,472,683,703
245,32,0.5026,761,435,842,715
245,33,0.5911,1665,446,1754,712
245,34,0.5279,1717,372,1904,834
245,35,0.5678,1426,431,1547,749
246,1,0.6021,149,476,217,682
246,2,0.6659,224,479,307,685
246,7,0.7339,300,476,374,681
246,15,0.5259,431,400,604,784
246,6,0.4685,941,4,1327,1071
246,28,0.6401,597,476,682,703
246,32,0.4898,758,435,841,715
246,33,0.5896,1658,442,1745,706
246,34,0.5448,1713,378,1905,835
246,35,0.5649,1426,431,1547,749
247,1,0.6116,148,476,220,678
247,2,0.6545,225,479,304,684
247,7,0.7562,299,477,375,685
247,15,0.5203,430,401,603,783
247,6,0.4798,928,2,1329,1070
247,28,0.6436,595,480,681,706
247,32,0.5103,754,435,838,715
247,33,0.5948,1656,439,1738,710
247,34,0.5492,1712,368,1895,833
247,35,0.5768,1427,431,1546,749
248,1,0.5999,147,477,220,677
248,2,0.6593,226,479,302,683
248,7,0.7443,299,477,375,686
248,15,0.535,430,403,603,785
248,6,0.4777,924,2,1306,1072
248,28,0.6578,594,483,678,703
248,32,0.4989,748,440,836,716
248,33,0.6116,1612,441,1728,716
248,34,0.5606,1711,380,1892,831
248,35,0.571,1427,432,1547,749
249,1,0.6167,148,477,220,678
249,2,0.6924,224,477,301,682
249,7,0.7827,302,476,374,684
249,15,0.5301,430,403,602,783
249,6,0.4851,917,3,1318,1071
249,28,0.6875,593,483,676,703
249,32,0.5237,741,448,833,717
249,33,0.6282,1610,439,1723,716
249,34,0.5611,1707,383,1884,830
249,35,0.5719,1427,432,1547,749
250,1,0.6105,150,477,220,678
250,2,0.7008,225,477,300,681
250,7,0.793,299,476,374,685
250,15,0.5408,429,402,600,780
250,6,0.4763,903,4,1311,1071
250,28,0.6882,590,484,671,701
250,32,0.5069,737,447,829,715
250,33,0.6289,1616,439,1715,717
250,34,0.5713,1698,380,1870,824
250,35,0.5716,1426,432,1546,749
251,1,0.6237,151,478,220,682
251,2,0.7024,225,477,299,679
251,7,0.8109,299,475,375,686
251,15,0.5423,426,402,597,783
251,6,0.4521,893,5,1325,1071
251,28,0.6913,587,487,661,695
251,32,0.5164,735,448,827,717
251,33,0.6408,1620,439,1710,717
251,34,0.5798,1695,382,1852,818
251,35,0.5705,1426,432,1546,750
252,1,0.6112,150,476,220,683
252,2,0.6882,224,474,299,680
252,7,0.8021,299,475,374,684
252,15,0.5399,426,402,594,782
252,6,0.457,888,7,1274,1072
252,28,0.6926,584,485,656,695
252,32,0.4922,732,449,824,716
252,33,0.6323,1620,440,1701,715
252,34,0.5633,1683,383,1832,815
252,35,0.5756,1426,432,1546,750
253,1,0.6061,152,476,221,682
253,2,0.6773,225,474,300,679
253,7,0.7979,299,476,374,684
253,15,0.5489,426,402,590,781
253,6,0.4579,887,7,1270,1070
253,28,0.7077,581,481,657,699
253,32,0.5157,731,448,821,714
253,33,0.6066,1616,439,1696,716
253,34,0.5367,1672,386,1822,814
253,35,0.5725,1426,432,1547,750
254,1,0.6057,152,473,224,682
254,2,0.666,225,474,300,678
254,7,0.8135,299,476,374,684
254,15,0.54,419,403,586,777
254,6,0.4495,886,10,1260,1069
254,28,0.703,578,483,651,698
254,32,0.5181,728,451,815,713
254,33,0.6082,1611,438,1692,718
254,34,0.543,1669,384,1816,814
254,35,0.5834,1425,431,1546,750
255,1,0.5825,151,472,225,680
255,2,0.6587,227,477,299,675
255,7,0.7498,299,475,372,683
255,15,0.551,416,404,582,774
255,6,0.4397,883,12,1235,1067
255,28,0.681,575,483,648,696
255,32,0.5228,726,452,812,713
255,33,0.6089,1606,438,1687,716
255,34,0.5413,1645,383,1807,816
255,35,0.5754,1425,431,1545,750
255,36,0.6039,1196,323,1381,1025
256,1,0.574,151,472,227,678
256,2,0.6674,228,477,299,673
256,7,0.7529,301,474,371,683
256,15,0.5389,416,404,581,771
256,6,0.4482,878,14,1226,1068
256,28,0.6594,572,482,645,696
256,32,0.5505,726,453,809,708
256,33,0.5813,1609,438,1685,716
256,34,0.5605,1637,382,1806,815
256,35,0.5631,1424,430,1545,750
256,36,0.6075,1181,252,1379,1038
257,1,0.5665,152,473,225,680
257,2,0.6484,229,477,299,672
257,7,0.7436,301,474,371,683
257,15,0.5641,417,406,579,770
257,6,0.4546,870,23,1221,1068
257,28,0.631,568,479,644,695
257,32,0.5536,722,453,808,709
257,33,0.5989,1603,438,1682,720
257,34,0.5755,1643,384,1811,814
257,35,0.5842,1424,429,1548,750
257,36,0.6113,1164,236,1377,1039
258,1,0.5612,154,474,227,681
258,2,0.6551,231,478,299,672
258,7,0.7515,301,474,372,683
258,15,0.5515,417,404,577,774
258,6,0.4444,862,33,1197,1067
258,28,0.6274,566,478,642,693
258,32,0.52,719,452,806,707
258,33,0.6378,1602,438,1678,714
258,34,0.608,1648,385,1806,812
258,35,0.5644,1424,428,1547,749
258,36,0.5996,1164,226,1376,1045
258,37,0.4828,806,485,866,692
259,1,0.5607,154,474,229,681
259,2,0.6362,231,478,298,673
259,7,0.7449,300,474,371,682
259,15,0.5422,419,403,577,773
259,6,0.4389,858,35,1186,1069
259,28,0.6135,563,478,637,691
259,32,0.4827,716,451,803,709
259,33,0.6346,1598,436,1679,712
259,34,0.6219,1649,387,1806,813
259,35,0.5531,1423,426,1547,748
259,36,0.6047,1150,220,1381,1043
259,37,0.471,800,484,863,692
260,1,0.5681,156,475,229,681
260,2,0.6582,234,482,299,673
260,7,0.7555,300,473,372,681
260,15,0.5465,418,405,575,773
260,6,0.4381,851,41,1188,1068
260,28,0.6254,561,479,633,690
260,32,0.4904,712,450,800,711
260,34,0.6226,1633,389,1792,813
260,35,0.5999,1421,427,1547,748
260,36,0.6143,1148,215,1393,1042
260,37,0.4841,796,486,865,690
261,1,0.5551,157,475,229,680
261,2,0.689,234,484,300,674
261,7,0.7779,301,473,372,681
261,15,0.5479,418,412,570,770
261,6,0.4441,836,41,1171,1070
261,28,0.6151,556,477,628,694
261,32,0.4518,709,448,795,710
261,34,0.5883,1625,405,1782,809
261,35,0.6074,1418,428,1547,745
261,36,0.62,1161,211,1408,1039
261,37,0.4965,791,483,864,691
262,1,0.5776,158,476,230,679
262,2,0.7384,235,485,300,674
262,7,0.7905,301,473,372,681
262,15,0.5387,419,413,568,769
262,6,0.4482,830,50,1161,1074
262,28,0.6455,553,477,625,695
262,32,0.47,705,448,792,710
262,34,0.5986,1630,402,1769,808
262,35,0.6083,1418,427,1548,743
262,36,0.6155,1189,205,1430,1040
262,37,0.4894,788,484,859,690
263,1,0.5634,159,476,230,679
263,2,0.7143,235,485,300,673
263,7,0.7835,300,472,372,681
263,15,0.5414,418,414,566,769
263,6,0.4476,815,61,1158,1071
263,28,0.6399,549,476,624,696
263,32,0.4837,702,449,791,712
263,34,0.5878,1634,400,1770,809
263,35,0.6042,1421,427,1547,742
263,36,0.6177,1206,203,1447,1040
263,37,0.4961,786,482,854,690
264,1,0.5656,162,478,231,677
264,2,0.6958,235,484,300,672
264,7,0.7742,300,473,371,681
264,15,0.5345,418,415,564,771
264,6,0.4467,798,72,1143,1073
264,28,0.6348,550,480,622,687
264,32,0.4824,699,453,786,711
264,34,0.5975,1627,393,1759,807
264,35,0.6105,1421,428,1548,741
264,36,0.6308,1215,199,1452,1044
264,37,0.5208,784,482,848,689
265,1,0.5845,162,480,232,676
265,2,0.7044,236,483,302,672
265,7,0.766,301,474,369,679
265,15,0.5369,420,414,560,770
265,6,0.4415,784,87,1144,1074
265,28,0.6498,548,481,619,695
265,32,0.4817,692,455,781,713
265,34,0.5955,1626,397,1757,800
265,35,0.6455,1417,430,1547,740
265,36,0.6221,1230,197,1452,1061
265,37,0.5053,785,486,844,676
266,1,0.5786,160,480,232,676
266,2,0.7138,239,482,305,672
266,7,0.7417,301,476,369,678
266,15,0.549,417,416,557,770
266,6,0.4394,783,92,1138,1074
266,28,0.6634,545,483,618,694
266,32,0.4622,683,453,779,712
266,34,0.5949,1623,393,1756,792
266,35,0.6505,1420,430,1546,741
266,36,0.6231,1238,194,1452,1078
267,1,0.5727,160,480,232,677
267,2,0.7016,239,482,306,673
267,7,0.7302,301,477,371,677
267,15,0.5362,413,417,556,771
267,6,0.4443,782,93,1124,1074
267,28,0.6638,544,482,616,694
267,32,0.4827,677,456,775,712
267,34,0.5898,1623,394,1751,790
267,35,0.7114,1426,433,1546,741
267,36,0.6223,1244,196,1472,1080
268,1,0.5873,160,481,230,676
268,2,0.694,240,483,304,675
268,7,0.7673,300,476,371,677
268,15,0.5459,407,415,551,770
268,6,0.4446,778,101,1118,1074
268,28,0.6934,541,482,614,693
268,32,0.4846,676,459,771,711
268,34,0.5905,1620,391,1753,793
268,35,0.7126,1433,434,1544,739
268,36,0.5981,1255,195,1519,1078
269,1,0.5892,160,481,229,679
269,2,0.671,239,482,303,676
269,7,0.7423,301,476,370,678
269,15,0.5371,404,413,548,770
269,6,0.4498,768,101,1110,1072
269,28,0.6822,538,479,612,693
269,32,0.495,674,459,768,711
269,34,0.5804,1618,391,1753,792
269,35,0.7234,1443,436,1541,741
269,36,0.5967,1261,194,1556,1080
269,38,0.523,1107,375,1304,895
270,1,0.5577,161,480,228,679
270,2,0.6468,238,478,304,674
270,7,0.7268,300,475,368,677
270,15,0.5225,397,414,546,763
270,6,0.4553,758,99,1103,1073
270,28,0.6318,535,478,611,693
270,32,0.5062,675,461,761,710
270,34,0.5715,1619,390,1757,788
270,35,0.6655,1450,440,1536,741
270,36,0.5853,1271,192,1580,1079
270,38,0.5167,1112,366,1315,897
271,1,0.5516,161,479,228,679
271,2,0.646,240,479,303,676
271,7,0.7263,299,475,367,677
271,15,0.5128,391,414,545,760
271,6,0.4596,752,102,1096,1071
271,28,0.6479,533,477,609,691
271,32,0.5155,675,459,760,709
271,34,0.5636,1614,389,1760,790
271,36,0.5808,1276,195,1595,1077
271,38,0.5122,1120,358,1322,898
272,1,0.5777,159,479,228,678
272,2,0.6549,240,480,303,676
272,7,0.7352,298,477,366,677
272,15,0.5185,387,413,543,758
272,6,0.4717,744,100,1086,1070
272,28,0.6519,532,479,607,691
272,32,0.4937,674,457,756,708
272,34,0.5721,1614,394,1753,791
272,36,0.5755,1280,194,1590,1074
272,38,0.5215,1129,356,1328,898
273,1,0.6034,162,477,228,673
273,2,0.6576,237,483,303,673
273,7,0.7438,298,478,365,677
273,15,0.5108,383,413,540,758
273,6,0.4825,741,100,1076,1069
273,28,0.652,528,477,608,691
273,32,0.5094,670,461,751,706
273,34,0.5839,1613,398,1735,790
273,36,0.5794,1283,190,1585,1074
273,38,0.5295,1140,358,1330,901
274,1,0.5979,162,477,229,672
274,2,0.637,238,480,303,671
274,7,0.7449,297,478,364,675
274,15,0.5216,381,412,535,758
274,6,0.4956,737,103,1059,1069
274,28,0.6671,525,479,606,691
274,32,0.5456,665,457,748,706
274,34,0.5819,1614,400,1733,790
274,36,0.5775,1295,186,1586,1076
274,38,0.5423,1142,352,1327,901
275,1,0.5859,163,476,229,672
275,2,0.6525,237,484,303,672
275,7,0.7398,296,478,363,675
275,15,0.5338,378,412,533,757
275,6,0.496,734,112,1034,1070
275,28,0.6884,523,480,605,689
275,32,0.5407,663,458,745,705
275,34,0.6007,1614,402,1726,791
275,36,0.6028,1314,184,1588,1076
275,38,0.5701,1160,348,1333,905
275,39,0.5678,1739,434,1840,715
276,1,0.5709,164,477,230,672
276,2,0.6679,237,484,304,671
276,7,0.7327,297,478,364,674
276,15,0.5443,371,411,530,760
276,6,0.4769,728,116,1017,1072
276,28,0.6918,522,479,601,690
276,32,0.5046,660,456,742,707
276,34,0.5908,1613,401,1725,788
276,36,0.6082,1335,177,1602,1075
276,38,0.55,1180,341,1344,906
276,39,0.5659,1752,442,1849,719
277,1,0.5667,162,477,228,672
277,2,0.6273,237,485,305,670
277,7,0.7348,298,477,366,674
277,15,0.5305,366,412,533,760
277,6,0.4698,726,115,1008,1071
277,28,0.6913,520,478,599,690
277,32,0.4992,656,458,733,706
277,34,0.5622,1609,401,1720,789
277,36,0.6171,1363,169,1604,1077
277,38,0.5667,1194,340,1349,908
277,39,0.5775,1756,437,1855,716
277,40,0.5131,1066,460,1157,714
278,1,0.5583,163,478,230,673
278,2,0.635,237,485,305,671
278,7,0.7455,298,476,368,674
278,15,0.5272,363,412,527,760
278,6,0.4533,724,124,999,1070
278,28,0.6966,520,478,596,687
278,32,0.5081,653,455,731,704
278,34,0.556,1603,395,1722,784
278,36,0.6084,1381,158,1627,1079
278,38,0.5763,1205,338,1359,911
278,39,0.5919,1756,428,1860,717
278,40,0.5239,1055,453,1151,713
279,1,0.5783,163,478,231,672
279,2,0.6292,237,486,305,671
279,7,0.7486,298,476,368,675
279,15,0.5174,361,414,525,759
279,6,0.4573,719,125,995,1070
279,28,0.7079,517,475,594,690
279,32,0.497,646,453,727,702
279,34,0.562,1609,391,1729,782
279,36,0.594,1391,152,1650,1080
279,38,0.576,1210,335,1355,916
279,39,0.5861,1762,435,1863,717
279,40,0.4942,1052,452,1148,712
280,1,0.585,163,478,230,672
280,2,0.6593,239,486,304,675
280,7,0.7521,297,476,369,674
280,15,0.5092,360,419,523,759
280,6,0.4742,716,128,990,1072
280,28,0.7051,516,479,592,687
280,32,0.4884,643,454,727,699
280,36,0.5947,1415,133,1691,1080
280,38,0.5797,1213,337,1368,922
280,39,0.5665,1764,435,1869,717
280,40,0.5053,1048,454,1148,714
281,1,0.5985,163,480,232,672
281,2,0.6589,240,486,305,675
281,7,0.7501,298,476,369,674
281,15,0.5064,359,419,523,759
281,6,0.4745,714,134,985,1072
281,28,0.7082,514,482,590,686
281,32,0.5182,642,454,724,698
281,36,0.5926,1431,131,1712,1076
281,38,0.6022,1221,336,1376,925
281,39,0.5747,1760,431,1879,717
281,40,0.5024,1045,454,1148,714
282,1,0.6155,164,481,233,671
282,2,0.6649,239,486,305,675
282,7,0.7498,298,475,370,673
282,15,0.5019,360,421,521,758
282,6,0.4748,710,140,979,1072
282,28,0.7121,510,480,590,688
282,32,0.5096,641,455,723,697
282,36,0.5955,1437,125,1732,1077
282,38,0.619,1224,339,1383,919
282,39,0.5847,1766,447,1882,717
282,40,0.4931,1044,452,1148,714
283,1,0.6226,164,482,235,671
283,2,0.6657,239,485,305,674
283,7,0.7697,299,476,370,673
283,15,0.4996,360,422,521,758
283,6,0.4575,708,148,970,1069
283,28,0.7146,506,480,589,689
283,32,0.5016,638,456,722,699
283,36,0.5996,1461,121,1751,1079
283,38,0.6103,1228,342,1390,920
283,39,0.6176,1770,455,1880,717
283,40,0.482,1043,452,1149,714
284,1,0.604,165,484,237,671
284,2,0.6659,240,483,304,674
284,7,0.7469,298,476,370,673
284,15,0.496,361,424,520,757
284,6,0.4593,704,156,962,1070
284,28,0.6787,505,482,586,689
284,32,0.5183,633,456,719,701
284,36,0.604,1466,115,1773,1080
284,38,0.649,1233,345,1390,921
284,39,0.6164,1770,460,1886,719
284,40,0.4959,1042,454,1149,714
285,1,0.6096,165,485,239,673
285,2,0.6688,241,483,302,673
285,7,0.7361,299,476,370,673
285,15,0.4866,360,424,517,758
285,6,0.4577,701,161,957,1072
285,28,0.6896,503,482,583,690
285,32,0.4776,631,456,713,701
285,36,0.6063,1478,114,1803,1079
285,38,0.6383,1240,345,1401,930
285,39,0.6341,1782,460,1876,723
285,40,0.5177,1040,453,1148,715
286,1,0.5961,166,486,239,674
286,2,0.6899,242,483,300,672
286,7,0.7548,299,477,369,673
286,15,0.5166,360,423,512,759
286,6,0.4629,699,167,951,1070
286,28,0.6962,503,482,580,689
286,32,0.4827,630,456,710,700
286,36,0.6001,1488,112,1842,1078
286,38,0.6244,1248,347,1415,942
286,40,0.5009,1039,453,1142,714
287,1,0.6164,169,483,239,673
287,2,0.691,242,483,299,672
287,7,0.7448,297,478,367,673
287,15,0.5222,359,425,511,754
287,6,0.4544,697,178,945,1068
287,28,0.7121,500,481,579,689
287,32,0.5083,629,456,710,699
287,36,0.6002,1494,114,1865,1077
287,38,0.6284,1252,347,1423,947
287,40,0.5139,1040,454,1139,713
288,1,0.5904,171,484,241,673
288,2,0.658,242,483,301,671
288,7,0.7454,298,480,367,673
288,15,0.5184,360,424,508,746
288,6,0.45,693,179,940,1066
288,28,0.6932,500,481,577,685
288,32,0.4993,626,454,707,700
288,36,0.5979,1489,116,1882,1074
288,38,0.6245,1262,340,1433,947
288,40,0.5034,1040,456,1131,713
289,1,0.6066,172,484,240,673
289,2,0.6607,242,483,301,670
289,7,0.733,301,482,368,678
289,15,0.5186,361,424,506,743
289,6,0.4525,689,183,934,1067
289,28,0.6536,500,477,572,684
289,32,0.4676,623,456,705,701
289,36,0.589,1513,113,1891,1072
289,38,0.6309,1263,343,1436,957
289,40,0.5146,1039,458,1124,713
290,1,0.5989,172,483,242,673
290,2,0.6518,242,482,300,669
290,7,0.7189,303,480,371,679
290,15,0.5149,361,424,506,742
290,6,0.455,686,183,928,1068
290,28,0.6579,501,477,564,683
290,32,0.4707,622,456,701,697
290,36,0.5888,1517,110,1906,1076
290,38,0.6189,1271,329,1446,943
290,40,0.5191,1040,456,1118,714
291,1,0.5987,172,481,242,672
291,2,0.6613,242,484,299,669
291,7,0.7641,303,480,372,675
291,15,0.522,361,424,506,744
291,6,0.4589,682,184,927,1073
291,28,0.6748,499,477,562,685
291,32,0.4942,620,454,698,699
291,36,0.5942,1518,106,1919,1078
291,38,0.6278,1274,337,1461,951
291,40,0.5257,1039,454,1117,713
292,1,0.5929,174,481,243,672
292,2,0.6458,242,483,299,668
292,7,0.7886,305,479,376,673
292,15,0.5252,361,424,505,745
292,6,0.4577,678,184,925,1073
292,28,0.6603,499,482,563,682
292,32,0.4956,619,453,695,700
292,36,0.6095,1517,97,1920,1073
292,38,0.6158,1287,333,1474,953
292,40,0.5245,1038,450,1114,714
292,41,0.7132,1422,350,1605,933
293,1,0.5845,176,481,243,671
293,2,0.6355,243,483,300,668
293,7,0.7745,302,481,379,673
293,15,0.5155,362,429,505,744
293,6,0.4674,675,186,922,1072
293,28,0.6514,498,485,562,683
293,32,0.5032,616,453,695,696
293,36,0.6122,1518,88,1920,1072
293,38,0.6069,1296,329,1484,953
293,40,0.5318,1037,462,1109,715
293,41,0.7249,1441,340,1631,945
294,1,0.5865,177,481,243,670
294,2,0.6441,243,486,301,667
294,7,0.7772,301,479,380,673
294,15,0.5331,365,425,504,744
294,6,0.4742,674,186,919,1069
294,28,0.6202,497,480,558,682
294,32,0.4842,615,454,692,699
294,36,0.5963,1549,82,1920,1073
294,38,0.5935,1302,327,1476,953
294,40,0.5078,1036,464,1107,715
294,41,0.7466,1445,341,1656,953
295,1,0.5872,177,483,243,671
295,2,0.6758,241,487,301,669
295,7,0.7684,305,479,382,672
295,15,0.5365,373,430,502,743
295,6,0.4813,675,189,917,1067
295,28,0.5627,497,486,553,670
295,32,0.5094,610,454,689,697
295,36,0.6069,1578,66,1920,1071
295,38,0.5863,1308,326,1471,951
295,40,0.5366,1030,479,1106,715
295,41,0.6844,1449,339,1689,959
296,1,0.576,177,484,245,670
296,2,0.6814,244,488,303,670
296,7,0.7423,306,478,381,672
296,15,0.5308,376,433,501,743
296,6,0.4828,675,189,915,1060
296,28,0.5608,497,488,551,661
296,32,0.5121,610,456,690,698
296,36,0.6155,1638,57,1920,1071
296,38,0.573,1316,328,1492,953
296,40,0.549,1023,463,1107,715
296,41,0.6547,1452,345,1724,965
297,1,0.5927,177,484,245,668
297,2,0.6962,244,488,303,671
297,7,0.7485,305,478,381,671
297,15,0.5307,376,433,499,743
297,6,0.4776,675,191,912,1051
297,28,0.5634,500,493,551,657
297,32,0.5136,605,456,689,699
297,36,0.6359,1664,48,1920,1072
297,38,0.5453,1320,328,1505,955
297,40,0.5491,1013,456,1108,715
297,41,0.6434,1465,345,1748,972
298,1,0.6078,178,484,246,667
298,2,0.7006,244,488,305,672
298,7,0.7442,305,478,381,671
298,15,0.5448,376,434,493,744
298,6,0.4643,674,193,906,1051
298,28,0.5277,501,494,553,656
298,32,0.5268,604,457,688,699
298,36,0.6276,1718,36,1920,961
298,38,0.5594,1327,325,1517,959
298,40,0.552,1004,455,1107,717
298,41,0.6786,1474,348,1750,971
299,1,0.6134,179,485,247,667
299,2,0.6968,245,487,307,671
299,7,0.7644,306,478,381,670
299,15,0.5369,372,436,494,744
299,6,0.4563,671,196,902,1052
299,28,0.5418,506,506,556,654
299,32,0.508,601,460,687,702
299,36,0.615,1750,27,1920,1050
299,38,0.5729,1335,325,1533,960
299,40,0.568,997,456,1107,716
299,41,0.6561,1458,352,1752,982
