timestamp,track_id,raw_score,smoothed_val,voting_ready,bbox_x1,bbox_y1,bbox_x2,bbox_y2
1786536892.3793192,1,0.8605,0.8605,True,225,23,502,475
1786536892.855214,1,0.8555,0.859,True,259,24,506,476
1786536893.015252,1,0.8561,0.8582,True,266,25,502,476
1786536893.1099825,1,0.8554,0.8573,True,266,25,499,475
1786536893.2175744,1,0.8537,0.8562,True,264,26,496,476
1786536893.2175744,2,0.7619,0.7619,True,119,202,310,474
1786536893.4707577,1,0.8649,0.8588,True,255,29,494,475
1786536893.4707577,2,0.7757,0.766,True,120,201,309,474
1786536893.5857298,1,0.8544,0.8575,True,252,27,495,475
1786536893.5857298,2,0.7637,0.7653,True,121,201,308,474
1786536893.6970265,1,0.8441,0.8535,True,255,23,493,476
1786536893.6970265,2,0.7707,0.7669,True,121,202,304,475
1786536893.8094447,1,0.8298,0.8464,True,257,23,497,476
1786536893.8094447,2,0.7813,0.7712,True,120,202,301,474
1786536893.9216888,1,0.8338,0.8426,True,257,24,508,476
1786536893.9216888,2,0.7617,0.7684,True,120,201,305,475
1786536894.1110458,1,0.8334,0.8398,True,275,28,533,475
1786536894.1110458,2,0.7933,0.7758,True,123,201,317,475
1786536894.2100015,1,0.8348,0.8383,True,292,29,552,476
1786536894.2100015,2,0.7692,0.7738,True,123,201,330,475
1786536894.3218842,1,0.8091,0.8295,True,309,30,574,475
1786536894.3218842,2,0.7704,0.7728,True,125,201,345,475
1786536894.4246614,1,0.7992,0.8204,True,325,29,589,475
1786536894.4246614,2,0.7235,0.758,True,125,201,350,475
1786536894.530299,1,0.7696,0.8052,True,341,30,599,475
1786536894.530299,2,0.7369,0.7517,True,125,200,355,476
1786536894.641314,1,0.7786,0.7972,True,347,30,601,474
1786536894.641314,2,0.7252,0.7437,True,123,200,360,475
1786536894.7403076,1,0.7876,0.7943,True,344,31,599,474
1786536894.7403076,2,0.7003,0.7307,True,125,200,360,475
1786536894.849138,1,0.8068,0.7981,True,335,30,593,474
1786536894.849138,2,0.7255,0.7291,True,123,201,357,475
1786536894.9461432,1,0.8005,0.7988,True,330,30,583,474
1786536894.9461432,2,0.7412,0.7328,True,126,201,354,474
1786536895.054372,1,0.8325,0.8089,True,316,32,561,475
1786536895.054372,2,0.7415,0.7354,True,123,200,348,475
1786536895.2646785,1,0.8401,0.8182,True,285,33,516,474
1786536895.2646785,2,0.7627,0.7436,True,123,201,329,475
1786536895.3767133,1,0.8406,0.825,True,265,34,500,475
1786536895.3767133,2,0.7591,0.7482,True,120,201,315,474
1786536895.4887493,1,0.8535,0.8335,True,250,32,484,475
1786536895.4887493,2,0.7621,0.7524,True,120,201,307,475
1786536895.601518,1,0.8653,0.843,True,236,32,468,475
1786536895.601518,2,0.7462,0.7505,True,121,203,294,475
1786536895.7296784,1,0.8526,0.8459,True,228,30,459,476
1786536895.7296784,2,0.7512,0.7507,True,120,205,284,475
1786536895.8279598,1,0.8468,0.8462,True,225,28,450,476
1786536895.8279598,2,0.7361,0.7464,True,120,205,272,475
1786536895.9363043,1,0.8542,0.8486,True,222,28,444,476
1786536895.9363043,2,0.7274,0.7407,True,121,207,266,475
1786536896.0338292,1,0.8523,0.8497,True,219,28,437,476
1786536896.0338292,2,0.7277,0.7368,True,120,208,256,475
1786536896.1286297,1,0.8455,0.8484,True,211,26,431,476
1786536896.1286297,2,0.716,0.7305,True,120,211,248,475
1786536896.2413013,1,0.8354,0.8445,True,203,22,426,476
1786536896.2413013,2,0.7019,0.7219,True,120,215,239,475
1786536896.413328,1,0.8403,0.8433,True,183,19,424,476
1786536896.413328,2,0.7061,0.7172,True,120,217,231,476
1786536896.515539,1,0.7775,0.8235,True,159,19,422,477
1786536896.6262977,1,0.8091,0.8192,True,149,15,419,477
1786536896.6262977,2,0.6163,0.6163,True,120,259,213,475
1786536896.7369819,1,0.8147,0.8178,True,142,11,416,476
1786536896.7369819,2,0.5944,0.6097,True,119,264,211,475
1786536896.852271,1,0.8115,0.8159,True,134,10,410,476
1786536896.961105,1,0.814,0.8153,True,130,11,406,475
1786536897.0573716,1,0.8155,0.8154,True,120,8,398,476
1786536897.170106,1,0.8112,0.8141,True,108,8,387,476
1786536897.2641268,1,0.7917,0.8074,True,91,6,375,476
1786536897.362238,1,0.8141,0.8094,True,70,3,360,474
1786536897.5525906,1,0.8143,0.8109,True,46,1,355,476
1786536897.666209,1,0.8427,0.8204,True,34,1,340,477
1786536897.7621305,1,0.8234,0.8213,True,26,1,307,476
1786536897.8583143,1,0.8143,0.8192,True,21,0,291,474
1786536897.952721,1,0.7997,0.8134,True,19,0,282,474
1786536898.0463536,1,0.8131,0.8133,True,25,1,275,476
1786536898.1484787,1,0.8112,0.8127,True,40,0,270,474
1786536898.2415147,1,0.822,0.8155,True,55,0,270,474
1786536898.3381228,1,0.8477,0.8251,True,89,2,281,475
1786536898.4330418,1,0.8749,0.8401,True,115,1,292,475
1786536898.5262432,1,0.858,0.8454,True,124,3,306,475
1786536898.7048504,1,0.8748,0.8543,True,129,3,348,475
1786536898.8165734,1,0.8512,0.8533,True,126,5,351,475
1786536898.9300387,1,0.8472,0.8515,True,128,5,362,475
1786536899.0259132,1,0.847,0.8502,True,133,8,385,475
1786536899.1217947,1,0.8356,0.8458,True,152,10,409,476
1786536899.2146454,1,0.8188,0.8377,True,161,11,419,475
1786536899.309702,1,0.8555,0.843,True,188,15,458,475
1786536899.4082441,1,0.8693,0.8509,True,225,19,489,474
1786536899.5202959,1,0.8581,0.8531,True,255,22,514,474
1786536899.6169238,1,0.8435,0.8502,True,265,25,534,474
1786536899.7922688,1,0.8565,0.8521,True,276,27,557,474
1786536899.8857827,1,0.8419,0.849,True,284,29,565,474
1786536899.8857827,3,0.7438,0.7438,True,121,200,310,475
1786536899.988053,1,0.821,0.8406,True,293,30,567,474
1786536899.988053,3,0.7618,0.7492,True,122,201,314,475
1786536900.097354,1,0.8107,0.8317,True,296,31,565,474
1786536900.097354,3,0.7487,0.749,True,121,201,315,475
1786536900.210152,1,0.7972,0.8213,True,296,33,561,473
1786536900.210152,3,0.744,0.7475,True,120,201,316,475
1786536900.322038,1,0.7822,0.8096,True,296,37,551,474
1786536900.322038,3,0.7413,0.7457,True,122,201,315,475
1786536900.4333181,1,0.8006,0.8069,True,292,38,544,474
1786536900.4333181,3,0.7509,0.7472,True,121,202,313,475
1786536900.545316,1,0.8043,0.8061,True,288,37,536,475
1786536900.545316,3,0.7555,0.7497,True,120,201,309,475
1786536900.6582727,1,0.7796,0.7982,True,280,35,527,474
1786536900.6582727,3,0.7505,0.7499,True,121,201,306,475
1786536900.769967,1,0.8253,0.8063,True,270,37,518,473
1786536900.769967,3,0.7271,0.7431,True,119,201,306,474
1786536900.9586418,1,0.8357,0.8151,True,282,37,510,472
1786536900.9586418,3,0.7481,0.7446,True,120,201,309,474
1786536901.0560346,1,0.8435,0.8236,True,289,37,509,474
1786536901.0560346,3,0.7442,0.7445,True,121,201,313,475
1786536901.1554112,1,0.8305,0.8257,True,302,36,512,474
1786536901.1554112,3,0.7364,0.7421,True,123,201,322,475
1786536901.260767,1,0.8307,0.8272,True,312,35,519,475
1786536901.260767,3,0.7461,0.7433,True,124,201,329,475
1786536901.3592894,1,0.823,0.826,True,324,33,525,475
1786536901.3592894,3,0.7298,0.7392,True,125,201,339,475
1786536901.4577193,1,0.8069,0.8203,True,332,31,527,475
1786536901.4577193,3,0.7136,0.7316,True,126,201,344,475
1786536901.5688028,1,0.8103,0.8173,True,340,32,528,475
1786536901.5688028,3,0.7198,0.728,True,127,200,350,475
1786536901.6807544,1,0.8131,0.816,True,348,33,532,475
1786536901.6807544,3,0.6942,0.7179,True,125,201,359,475
1786536901.792393,1,0.8312,0.8206,True,359,36,540,475
1786536901.792393,3,0.7076,0.7148,True,126,200,362,475
1786536901.9054484,1,0.8179,0.8198,True,363,35,546,476
1786536901.9054484,3,0.7127,0.7142,True,123,201,362,475
1786536902.0976765,1,0.8387,0.8254,True,370,31,547,476
1786536902.0976765,3,0.7057,0.7116,True,122,201,363,475
1786536902.2095203,1,0.8145,0.8222,True,374,30,545,477
1786536902.2095203,3,0.7067,0.7102,True,124,200,363,474
1786536902.3212452,1,0.7797,0.8094,True,372,30,547,476
1786536902.3212452,3,0.7085,0.7097,True,123,200,363,475
1786536902.4223163,1,0.7662,0.7965,True,358,30,580,475
1786536902.4223163,3,0.7094,0.7096,True,123,200,364,475
1786536902.527678,1,0.75,0.7825,True,352,30,597,474
1786536902.527678,3,0.7217,0.7132,True,124,200,358,475
1786536902.6308353,1,0.8132,0.7917,True,316,30,614,476
1786536902.6308353,3,0.7287,0.7178,True,125,200,350,475
1786536902.7361107,1,0.8155,0.7989,True,311,30,619,475
1786536902.7361107,3,0.6981,0.7119,True,127,201,349,475
1786536902.8326797,1,0.7956,0.7979,True,323,32,623,475
1786536902.8326797,3,0.7218,0.7149,True,126,201,351,475
1786536902.9466107,1,0.7499,0.7835,True,344,33,620,474
1786536902.9466107,3,0.6951,0.709,True,125,201,356,475
1786536903.0577507,1,0.7609,0.7767,True,336,33,614,474
1786536903.0577507,3,0.7374,0.7175,True,126,201,355,475
1786536903.3106008,1,0.8172,0.7889,True,311,34,581,474
1786536903.3106008,3,0.7836,0.7373,True,123,201,343,475
1786536903.424741,1,0.8143,0.7965,True,296,32,553,475
1786536903.424741,3,0.776,0.7489,True,125,201,326,475
1786536903.537876,1,0.8233,0.8045,True,282,32,533,473
1786536903.537876,3,0.7683,0.7547,True,121,201,312,473
1786536903.7132003,1,0.8318,0.8127,True,260,30,510,476
1786536903.7132003,3,0.7652,0.7579,True,120,201,295,474
1786536903.8267338,1,0.8472,0.823,True,245,28,505,475
1786536903.8267338,3,0.7955,0.7692,True,121,203,283,475
1786536903.9379344,1,0.8386,0.8277,True,227,26,501,476
1786536903.9379344,3,0.7571,0.7655,True,120,205,277,474
1786536904.0496154,1,0.8437,0.8325,True,220,26,499,476
1786536904.0496154,3,0.75,0.7609,True,121,205,276,475
1786536904.1573455,1,0.8461,0.8366,True,220,28,501,476
1786536904.1573455,3,0.7455,0.7563,True,121,204,281,475
1786536904.2580457,1,0.853,0.8415,True,223,26,507,476
1786536904.2580457,3,0.7679,0.7597,True,121,203,286,475
1786536904.4474761,1,0.8467,0.8431,True,244,25,521,476
1786536904.4474761,3,0.7704,0.7629,True,120,200,296,474
1786536904.5615468,1,0.8435,0.8432,True,254,26,523,476
1786536904.5615468,3,0.7702,0.7651,True,120,201,305,474
1786536904.6745193,1,0.8372,0.8414,True,253,25,527,476
1786536904.6745193,3,0.7565,0.7625,True,121,200,308,474
1786536904.7861328,1,0.8528,0.8448,True,246,24,529,474
1786536904.7861328,3,0.786,0.7696,True,120,201,309,474
1786536904.8981662,1,0.8559,0.8481,True,232,19,532,474
1786536904.8981662,3,0.7823,0.7734,True,119,201,310,474
1786536905.010117,1,0.863,0.8526,True,224,19,532,474
1786536905.010117,3,0.757,0.7685,True,118,201,309,474
1786536905.1218717,1,0.8573,0.854,True,224,16,529,476
1786536905.1218717,3,0.7706,0.7691,True,118,200,307,474
1786536905.2338343,1,0.8526,0.8536,True,216,14,524,475
1786536905.2338343,3,0.7678,0.7687,True,118,202,299,473
1786536905.3444633,1,0.8525,0.8533,True,210,13,519,476
1786536905.3444633,3,0.7681,0.7685,True,116,203,284,474
1786536905.5382745,1,0.8385,0.8488,True,184,9,490,476
1786536905.5382745,3,0.6759,0.7408,True,117,212,254,475
1786536905.6505663,1,0.8,0.8342,True,157,7,470,476
1786536905.7626693,1,0.8254,0.8316,True,141,6,458,475
1786536905.8741372,1,0.82,0.8281,True,128,4,445,475
1786536905.9690826,1,0.8189,0.8253,True,119,4,434,476
1786536906.079987,1,0.8206,0.8239,True,112,3,423,474
1786536906.177651,1,0.8074,0.819,True,103,3,411,474
1786536906.2747073,1,0.7954,0.8119,True,92,2,402,476
1786536906.3693612,1,0.8012,0.8087,True,87,2,396,476
1786536906.4661136,1,0.8008,0.8063,True,83,3,391,475
1786536906.6589558,1,0.7974,0.8036,True,92,3,384,474
1786536906.785702,1,0.7811,0.7969,True,97,4,382,474
1786536906.882196,1,0.7838,0.793,True,96,3,380,474
1786536906.977529,1,0.7894,0.7919,True,93,3,379,475
1786536907.0700681,1,0.7864,0.7902,True,88,3,377,476
1786536907.1711628,1,0.7918,0.7907,True,82,4,377,476
1786536907.2638266,1,0.7952,0.7921,True,80,4,373,474
1786536907.3620405,1,0.784,0.7896,True,84,4,371,476
1786536907.458272,1,0.7707,0.784,True,89,4,371,476
1786536907.5530658,1,0.7739,0.7809,True,91,4,373,476
1786536907.651784,1,0.7901,0.7837,True,93,4,381,474
1786536907.825625,1,0.7981,0.788,True,98,6,389,474
1786536907.9230673,1,0.8186,0.7972,True,111,6,402,474
1786536908.0172205,1,0.8191,0.8038,True,123,8,416,475
1786536908.1787934,1,0.8208,0.8089,True,148,8,462,475
1786536908.2893393,1,0.7989,0.8059,True,163,10,469,476
1786536908.397074,1,0.8177,0.8094,True,190,9,481,475
1786536908.4972827,1,0.8175,0.8118,True,213,11,502,474
1786536908.6080728,1,0.8154,0.8129,True,226,14,515,476
1786536908.7030602,1,0.824,0.8162,True,233,17,524,476
1786536908.7993517,1,0.8218,0.8179,True,237,17,527,474
1786536908.7993517,4,0.7733,0.7733,True,124,204,268,476
1786536908.9764452,1,0.8223,0.8192,True,242,19,531,475
1786536908.9764452,4,0.7791,0.775,True,121,203,282,475
1786536909.0891106,1,0.8317,0.8229,True,241,21,532,474
1786536909.0891106,4,0.7708,0.7738,True,120,203,285,474
1786536909.2021127,1,0.8326,0.8258,True,238,22,530,476
1786536909.2021127,4,0.7715,0.7731,True,120,203,284,474
1786536909.314433,1,0.8319,0.8276,True,236,22,527,475
1786536909.314433,4,0.7743,0.7735,True,120,203,282,474
1786536909.4262636,1,0.837,0.8305,True,233,22,525,475
1786536909.4262636,4,0.7606,0.7696,True,120,204,277,475
1786536909.538665,1,0.828,0.8297,True,232,20,524,475
1786536909.538665,4,0.755,0.7652,True,121,205,273,474
1786536909.6489415,1,0.836,0.8316,True,231,20,523,475
1786536909.6489415,4,0.7366,0.7566,True,120,205,272,474
1786536909.761478,1,0.8386,0.8337,True,229,19,518,475
1786536909.761478,4,0.7465,0.7536,True,121,206,271,474
1786536909.8751163,1,0.8393,0.8354,True,226,18,516,475
1786536909.8751163,4,0.7349,0.748,True,121,206,267,474
1786536910.097867,1,0.831,0.834,True,220,16,507,476
1786536910.097867,4,0.7396,0.7455,True,120,206,264,474
1786536910.209311,1,0.8353,0.8344,True,219,16,507,476
1786536910.209311,4,0.7295,0.7407,True,121,205,263,474
1786536910.3221004,1,0.8391,0.8358,True,220,16,507,476
1786536910.3221004,4,0.7401,0.7405,True,120,206,262,475
1786536910.4335208,1,0.8379,0.8364,True,221,16,510,476
1786536910.4335208,4,0.7249,0.7358,True,121,206,264,474
1786536910.5454524,1,0.8338,0.8357,True,224,17,512,475
1786536910.5454524,4,0.7424,0.7378,True,121,205,268,474
1786536910.6571977,1,0.8433,0.8379,True,225,18,522,476
1786536910.6571977,4,0.7596,0.7443,True,120,205,274,475
1786536910.7704458,1,0.8379,0.8379,True,236,19,534,477
1786536910.7704458,4,0.7756,0.7537,True,121,202,288,475
1786536910.882227,1,0.8307,0.8358,True,253,21,543,476
1786536910.882227,4,0.7746,0.76,True,120,201,300,475
1786536910.9938939,1,0.8134,0.8291,True,268,22,559,475
1786536910.9938939,4,0.7812,0.7663,True,122,201,309,475
1786536911.162799,1,0.8413,0.8327,True,274,22,569,474
1786536911.162799,4,0.7832,0.7714,True,123,200,314,475
1786536911.2818077,1,0.8333,0.8329,True,277,23,556,474
1786536911.2818077,4,0.7565,0.7669,True,121,201,317,473
1786536911.3869157,1,0.8286,0.8316,True,277,23,556,473
1786536911.3869157,4,0.7553,0.7634,True,121,201,319,474
1786536911.3869157,5,0.7009,0.7009,True,546,72,640,476
1786536911.5689201,1,0.8136,0.8262,True,280,25,555,473
1786536911.5689201,4,0.7547,0.7608,True,120,201,317,473
1786536911.5689201,5,0.7482,0.7151,True,528,65,639,473
1786536911.9195364,1,0.8275,0.8266,True,278,27,532,474
1786536911.9195364,4,0.7773,0.7658,True,123,201,315,473
1786536911.9195364,5,0.7533,0.7265,True,497,55,639,474
1786536912.0343118,1,0.8391,0.8303,True,275,29,525,475
1786536912.0343118,4,0.7633,0.765,True,122,201,315,474
1786536912.0343118,5,0.7586,0.7361,True,490,54,639,475
1786536912.1609893,1,0.847,0.8353,True,278,29,524,475
1786536912.1609893,4,0.7595,0.7634,True,120,201,317,474
1786536912.1609893,5,0.7942,0.7536,True,479,52,639,475
1786536912.3368773,1,0.8344,0.835,True,282,29,524,476
1786536912.3368773,4,0.7695,0.7652,True,121,201,319,474
1786536912.3368773,5,0.7773,0.7607,True,457,50,637,472
1786536912.4517293,1,0.8423,0.8372,True,283,29,520,476
1786536912.4517293,4,0.7609,0.7639,True,122,201,320,474
1786536912.4517293,5,0.7,0.7425,True,451,48,598,472
1786536912.5782743,1,0.835,0.8366,True,298,31,521,473
1786536912.5782743,4,0.6698,0.7357,True,70,201,321,474
1786536912.5782743,5,0.7155,0.7344,True,437,49,578,472
1786536912.7052274,1,0.8049,0.8271,True,283,29,520,474
1786536912.7052274,4,0.624,0.7022,True,90,198,336,473
1786536912.7052274,5,0.7299,0.733,True,435,48,577,473
1786536912.8334422,1,0.7738,0.8111,True,293,27,520,474
1786536912.8334422,5,0.733,0.733,True,432,47,572,472
1786536912.9617372,1,0.6931,0.7757,True,304,28,517,474
1786536912.9617372,5,0.7255,0.7308,True,429,51,561,471
1786536913.0897276,1,0.6713,0.7444,True,302,29,519,473
1786536913.0897276,5,0.7384,0.7331,True,428,42,556,473
1786536913.2171988,1,0.6595,0.7189,True,304,29,522,473
1786536913.3938975,1,0.6936,0.7113,True,296,27,527,473
1786536913.5213869,1,0.7317,0.7174,True,284,23,542,475
1786536913.6349802,1,0.7302,0.7213,True,294,25,544,475
1786536913.7457216,1,0.6999,0.7149,True,304,25,541,475
1786536913.8624465,1,0.7087,0.713,True,313,26,541,475
1786536913.9867606,1,0.7219,0.7157,True,317,25,544,474
1786536913.9867606,4,0.6761,0.6761,True,122,213,317,474
1786536914.1142194,1,0.7033,0.712,True,344,24,551,474
1786536914.24167,1,0.6335,0.6884,True,344,27,552,475
1786536914.3702943,1,0.6324,0.6716,True,326,24,553,474
1786536914.5301552,1,0.5391,0.6318,True,337,18,548,471
1786536914.5301552,5,0.3965,0.3965,True,377,16,497,480
1786536914.6582599,1,0.5939,0.6205,True,340,15,540,473
1786536914.7852952,1,0.6581,0.6318,True,267,18,526,470
1786536914.9291778,1,0.7905,0.6794,True,215,11,497,473
1786536915.0749247,1,0.7861,0.7114,True,166,8,437,475
1786536915.2156415,1,0.8268,0.746,True,129,4,418,474
1786536915.3458283,1,0.8279,0.7706,True,112,2,396,475
1786536915.457921,1,0.8229,0.7863,True,106,0,386,476
1786536915.634139,1,0.801,0.7907,True,95,0,376,476
1786536915.634139,7,0.6263,0.6263,True,330,45,540,479
1786536915.7457733,1,0.7834,0.7885,True,91,1,363,476
1786536915.7457733,7,0.5495,0.6033,True,327,44,542,470
1786536915.8689868,1,0.752,0.7776,True,65,0,331,476
1786536915.8689868,7,0.5722,0.5939,True,261,40,623,475
1786536916.0335095,1,0.6776,0.7476,True,21,0,392,476
1786536916.0335095,7,0.6653,0.6154,True,310,42,637,478
1786536916.177013,1,0.7138,0.7374,True,1,0,392,475
1786536916.177013,7,0.7196,0.6466,True,341,39,640,473
1786536916.3217962,1,0.7065,0.7281,True,2,8,412,467
1786536916.3217962,7,0.7269,0.6707,True,384,39,640,470
1786536916.467888,1,0.6577,0.707,True,0,2,410,473
1786536916.467888,7,0.6985,0.679,True,432,38,640,473
1786536916.6082115,1,0.6328,0.6848,True,0,8,411,466
1786536916.6082115,7,0.6929,0.6832,True,446,37,639,473
1786536916.816677,7,0.7115,0.6917,True,438,16,638,477
1786536916.816677,5,0.6478,0.6478,True,0,2,227,472
1786536916.977708,7,0.7096,0.6971,True,395,8,640,477
1786536916.977708,5,0.6466,0.6474,True,0,4,236,473
1786536917.1219468,7,0.7217,0.7045,True,397,4,640,477
1786536917.1219468,5,0.6642,0.6524,True,0,63,210,475
1786536917.2447898,7,0.7668,0.7232,True,405,2,640,475
1786536917.2447898,5,0.5864,0.6326,True,0,123,174,473
1786536917.3605978,7,0.7865,0.7422,True,427,20,640,473
1786536917.3605978,5,0.618,0.6282,True,0,132,157,474
